Date,AAPL,MSFT,TLT
2020-01-02,72.53852081298828,152.79112243652344,117.57862854003906
2020-01-03,71.83330535888672,150.8885955810547,119.38941192626953
2020-01-06,72.40567779541016,151.27862548828125,118.71143341064453
2020-01-07,72.06515502929688,149.8992919921875,118.12791442871094
2020-01-08,73.22440338134766,152.28695678710938,117.34690856933594
2020-01-09,74.77976989746094,154.18948364257812,117.75886535644531
2020-01-10,74.94880676269531,153.47604370117188,118.80583190917969
2020-01-13,76.55005645751953,155.3214569091797,118.4454116821289
2020-01-14,75.516357421875,154.22752380371094,119.05470275878906
2020-01-15,75.19274139404297,155.2263641357422,119.84423828125
2020-01-16,76.1346206665039,158.07061767578125,119.46664428710938
2020-01-17,76.97753143310547,158.95529174804688,118.4454116821289
2020-01-21,76.45586395263672,158.38450622558594,119.6897964477539
2020-01-22,76.72877502441406,157.62350463867188,120.11031341552734
2020-01-23,77.09828186035156,158.59381103515625,120.95128631591797
2020-01-24,76.8760757446289,156.9957275390625,121.92960357666016
2020-01-27,74.61552429199219,154.37020874023438,123.82616424560547
2020-01-28,76.7263412475586,157.395263671875,122.85643768310547
2020-01-29,78.33243560791016,159.8494415283203,124.05789184570312
2020-01-30,78.21891021728516,164.35841369628906,124.07508087158203
2020-01-31,74.75077056884766,161.9326934814453,125.20783996582031
2020-02-03,74.54549407958984,165.8804473876953,125.10640716552734
2020-02-04,77.00653076171875,171.34066772460938,123.42156219482422
2020-02-05,77.63446807861328,171.1314239501953,122.072021484375
2020-02-06,78.54253387451172,174.67958068847656,122.6221923828125
2020-02-07,77.47492218017578,174.92689514160156,124.15220642089844
2020-02-10,77.84288024902344,179.50242614746094,124.49609375
2020-02-11,77.37325286865234,175.4501190185547,123.86859130859375
2020-02-12,79.21068572998047,175.70693969726562,123.24104309082031
2020-02-13,78.6466064453125,174.7556915283203,123.7138442993164
2020-02-14,78.666015625,176.31576538085938,124.25536346435547
2020-02-18,77.22557067871094,178.10409545898438,125.10640716552734
2020-02-19,78.34400177001953,178.63827514648438,125.0978012084961
2020-02-20,77.54029083251953,175.91021728515625,126.07776641845703
2020-02-21,75.78514099121094,170.3492431640625,127.25543975830078
2020-02-24,72.18533325195312,163.0045166015625,129.155029296875
2020-02-25,69.74024200439453,160.31468200683594,129.84274291992188
2020-02-26,70.84660339355469,162.31781005859375,129.155029296875
2020-02-27,66.21546173095703,150.8810577392578,130.5562744140625
2020-02-28,66.1767349243164,154.5343017578125,133.50477600097656
2020-03-02,72.33784484863281,164.81686401367188,132.52247619628906
2020-03-03,70.04044342041016,156.91893005371094,134.58001708984375
2020-03-04,73.28925323486328,162.6802520751953,133.15089416503906
2020-03-05,70.9119873046875,158.59774780273438,136.46530151367188
2020-03-06,69.97025299072266,154.1146240234375,143.5674591064453
2020-03-09,64.43616485595703,143.66990661621094,147.45860290527344
2020-03-10,69.07694244384766,153.4945831298828,139.9001007080078
2020-03-11,66.67787170410156,146.54098510742188,134.75210571289062
2020-03-12,60.09312057495117,132.6432647705078,135.587158203125
2020-03-13,67.29277801513672,151.50103759765625,132.52247619628906
2020-03-16,58.63575744628906,129.17124938964844,141.1053009033203
2020-03-17,61.21398162841797,139.80679321289062,131.69602966308594
2020-03-18,59.715476989746094,133.9214630126953,124.26669311523438
2020-03-19,59.25791931152344,136.12490844726562,127.64995574951172
2020-03-20,55.49589920043945,131.01222229003906,137.2486572265625
2020-03-23,54.31694030761719,129.7054443359375,142.90455627441406
2020-03-24,59.766300201416016,141.49508666992188,140.24441528320312
2020-03-25,59.437076568603516,140.14060974121094,139.926025390625
2020-03-26,62.5648193359375,148.9065704345703,140.61463928222656
2020-03-27,59.97449493408203,142.7923126220703,144.36802673339844
2020-03-30,61.68605422973633,152.83648681640625,143.1800994873047
2020-03-31,61.56016159057617,150.43272399902344,142.01780700683594
2020-04-01,58.321048736572266,145.0911407470703,144.0076446533203
2020-04-02,59.29423522949219,148.0957794189453,144.9214630126953
2020-04-03,58.44208908081055,146.73175048828125,145.2663116455078
2020-04-06,63.54045104980469,157.6438751220703,144.88699340820312
2020-04-07,62.80450439453125,155.946044921875,143.3697052001953
2020-04-08,64.41194915771484,157.5103759765625,142.3264617919922
2020-04-09,64.87674713134766,157.51991271972656,142.58511352539062
2020-04-13,66.1501235961914,157.87278747558594,141.28330993652344
2020-04-14,69.49091339111328,165.68490600585938,141.24887084960938
2020-04-15,68.85663604736328,163.94888305664062,144.9904327392578
2020-04-16,69.40375518798828,168.87078857421875,146.63710021972656
2020-04-17,68.46205139160156,170.3588104248047,144.67140197753906
2020-04-20,67.04102325439453,166.9821319580078,145.8353271484375
2020-04-21,64.96874237060547,160.0762481689453,147.67166137695312
2020-04-22,66.84008026123047,165.51321411132812,146.16290283203125
2020-04-23,66.58104705810547,163.51010131835938,146.93887329101562
2020-04-24,68.5031967163086,166.49566650390625,147.28366088867188
2020-04-27,68.55164337158203,166.01876831054688,144.54209899902344
2020-04-28,67.44043731689453,161.9744110107422,146.2060089111328
2020-04-29,69.6555404663086,169.24278259277344,145.44737243652344
2020-04-30,71.12499237060547,170.94068908691406,143.7489776611328
2020-05-01,69.97993469238281,166.5147705078125,144.97996520996094
2020-05-04,70.97006225585938,170.58770751953125,144.29800415039062
2020-05-05,72.03524780273438,172.41912841796875,143.37432861328125
2020-05-06,72.7784423828125,174.1169891357422,141.0608673095703
2020-05-07,73.53134155273438,175.1280975341797,143.4175262451172
2020-05-08,75.2815170288086,176.15821838378906,141.55288696289062
2020-05-11,76.4660873413086,178.1232147216797,140.44802856445312
2020-05-12,75.59220886230469,174.0883331298828,141.88954162597656
2020-05-13,74.67951965332031,171.4557342529297,142.88226318359375
2020-05-14,75.1382827758789,172.19973754882812,144.2806854248047
2020-05-15,74.69407653808594,174.70838928222656,143.90957641601562
2020-05-18,76.45394897460938,176.3776397705078,140.7501220703125
2020-05-19,76.01216888427734,175.1566619873047,141.2766876220703
2020-05-20,77.49046325683594,177.58624267578125,141.6996612548828
2020-05-21,76.9127426147461,175.4532012939453,142.05360412597656
2020-05-22,77.40792083740234,175.52972412109375,142.90817260742188
2020-05-26,76.88360595703125,173.6741180419922,140.99185180664062
2020-05-27,77.21859741210938,173.9036865234375,140.73284912109375
2020-05-28,77.25257110595703,173.51144409179688,140.2149200439453
2020-05-29,77.17732238769531,175.2810516357422,141.21624755859375
2020-06-01,78.12643432617188,174.87930297851562,140.2655029296875
2020-06-02,78.48812103271484,176.8688507080078,139.75552368164062
2020-06-03,78.92020416259766,177.29928588867188,137.8971710205078
2020-06-04,78.24053955078125,174.9653778076172,135.90054321289062
2020-06-05,80.46891784667969,179.05926513671875,134.93247985839844
2020-06-08,80.9446792602539,180.1688232421875,135.45111083984375
2020-06-09,83.500732421875,181.54620361328125,136.98965454101562
2020-06-10,85.64899444580078,188.28004455566406,139.02085876464844
2020-06-11,81.5369644165039,178.1697235107422,141.64842224121094
2020-06-12,82.24091339111328,179.57579040527344,140.2828369140625
2020-06-15,83.25799560546875,180.7235870361328,140.36053466796875
2020-06-16,85.46452331542969,185.15225219726562,138.20835876464844
2020-06-17,85.34557342529297,185.7931365966797,138.77880859375
2020-06-18,85.37957000732422,187.78268432617188,140.2482452392578
2020-06-19,84.89165496826172,186.66355895996094,140.36053466796875
2020-06-22,87.11274719238281,191.84786987304688,140.37789916992188
2020-06-23,88.97215270996094,193.12960815429688,139.41847229003906
2020-06-24,87.401611328125,189.23658752441406,140.91380310058594
2020-06-25,88.56189727783203,191.62786865234375,141.32000732421875
2020-06-26,85.84078216552734,187.792236328125,142.8325958251953
2020-06-29,87.81912994384766,189.81048583984375,142.38308715820312
2020-06-30,88.55218505859375,194.66001892089844,141.6916046142578
2020-07-01,88.38471221923828,195.79824829101562,141.4164581298828
2020-07-02,88.38471221923828,197.2904052734375,141.56358337402344
2020-07-06,90.74901580810547,201.5373077392578,140.98379516601562
2020-07-07,90.4674301147461,199.19386291503906,142.9654541015625
2020-07-08,92.57442474365234,203.57470703125,142.3943328857422
2020-07-09,92.97252655029297,204.99989318847656,144.6615753173828
2020-07-10,93.13516235351562,204.37815856933594,143.93466186523438
2020-07-13,92.70552825927734,198.06521606445312,144.41064453125
2020-07-14,94.23963928222656,199.28953552246094,144.6182861328125
2020-07-15,94.88773345947266,198.9929962158203,143.943359375
2020-07-16,93.72016143798828,195.05215454101562,144.62692260742188
2020-07-17,93.53084564208984,194.05738830566406,144.3240509033203
2020-07-20,95.50191497802734,202.398193359375,144.67889404296875
2020-07-21,94.18380737304688,199.672119140625,144.76539611816406
2020-07-22,94.44839477539062,202.54171752929688,145.1981201171875
2020-07-23,90.14942932128906,193.732177734375,146.89414978027344
2020-07-24,89.9261245727539,192.54612731933594,146.88548278808594
2020-07-27,92.0573959350586,194.98526000976562,146.34034729003906
2020-07-28,90.54512023925781,193.2348175048828,147.352783203125
2020-07-29,92.28073120117188,195.1860809326172,147.1018524169922
2020-07-30,93.39733123779297,195.03305053710938,148.07106018066406
2020-07-31,103.17497253417969,196.0948028564453,147.97586059570312
2020-08-03,105.77474212646484,207.1233367919922,147.23085021972656
2020-08-04,106.48111724853516,204.01466369628906,148.63430786132812
2020-08-05,106.8670883178711,203.67990112304688,147.3348388671875
2020-08-06,110.5955810546875,206.941650390625,148.15780639648438
2020-08-07,108.08110046386719,203.2399444580078,147.17019653320312
2020-08-10,109.65203857421875,199.19386291503906,146.5118408203125
2020-08-11,106.39099884033203,194.53565979003906,144.7705078125
2020-08-12,109.92683410644531,200.09303283691406,143.45367431640625
2020-08-13,111.87226867675781,199.62429809570312,141.92025756835938
2020-08-14,111.7725601196289,199.81558227539062,141.36587524414062
2020-08-17,111.48075866699219,201.13560485839844,141.7210693359375
2020-08-18,112.40969848632812,202.29302978515625,142.73463439941406
2020-08-19,112.55074310302734,201.06570434570312,141.8423614501953
2020-08-20,115.04822540283203,205.74476623535156,143.12452697753906
2020-08-21,120.97691345214844,204.24899291992188,143.9821319580078
2020-08-24,122.4238510131836,204.89138793945312,143.74819946289062
2020-08-25,121.41949462890625,207.5569610595703,142.6480255126953
2020-08-26,123.07068634033203,212.0442352294922,142.10226440429688
2020-08-27,121.59945678710938,217.25064086914062,139.6852264404297
2020-08-28,121.40247344970703,219.4846954345703,139.5812225341797
2020-08-31,125.51951599121094,216.243896484375,140.50823974609375
2020-09-01,130.51927185058594,217.91224670410156,142.11532592773438
2020-09-02,127.81512451171875,222.1119384765625,143.46826171875
2020-09-03,117.58211517333984,208.35275268554688,143.8759002685547
2020-09-04,117.65994262695312,205.42835998535156,141.1439666748047
2020-09-08,109.74201202392578,194.3155517578125,142.01124572753906
2020-09-09,114.11925506591797,202.5901641845703,141.6295623779297
2020-09-10,110.39373779296875,196.9139404296875,142.34947204589844
2020-09-11,108.94440460205078,195.62911987304688,142.6529998779297
2020-09-14,112.21273803710938,196.95233154296875,142.6443634033203
2020-09-15,112.3878173828125,200.18357849121094,142.29742431640625
2020-09-16,109.07083129882812,196.6071319580078,141.8724822998047
2020-09-17,107.32968139648438,194.55526733398438,142.30609130859375
2020-09-18,103.9251708984375,192.13902282714844,141.86387634277344
2020-09-21,107.0767822265625,194.2005157470703,142.5836181640625
2020-09-22,108.75958251953125,198.8795623779297,142.47088623046875
2020-09-23,104.19754028320312,192.3307647705078,142.6616668701172
2020-09-24,105.26750946044922,194.82374572753906,143.2080841064453
2020-09-25,109.21675872802734,199.26307678222656,143.2080841064453
2020-09-28,111.82362365722656,200.81642150878906,142.80047607421875
2020-09-29,110.97734832763672,198.7261505126953,142.96522521972656
2020-09-30,112.65045166015625,201.6697540283203,141.5949249267578
2020-10-01,113.60372161865234,203.7120361328125,141.8284912109375
2020-10-02,109.93656921386719,197.70025634765625,141.298828125
2020-10-05,113.32162475585938,201.71768188476562,138.5380096435547
2020-10-06,110.07276153564453,197.43173217773438,139.28466796875
2020-10-07,111.94036865234375,201.19029235839844,138.26889038085938
2020-10-08,111.83334350585938,201.9094696044922,139.01553344726562
2020-10-09,113.77880859375,206.9241180419922,138.98953247070312
2020-10-12,121.00609588623047,212.28392028808594,139.4321746826172
2020-10-13,117.7961196899414,213.683837890625,140.43064880371094
2020-10-14,117.88367462158203,211.7661590576172,140.75189208984375
2020-10-15,117.41675567626953,210.6156005859375,140.5088348388672
2020-10-16,115.77286529541016,210.6156005859375,140.11810302734375
2020-10-19,112.81580352783203,205.3995361328125,139.58853149414062
2020-10-20,114.30406188964844,205.8118438720703,138.26019287109375
2020-10-21,113.68151092529297,205.95567321777344,137.78269958496094
2020-10-22,112.59207916259766,206.0419921875,136.35012817382812
2020-10-23,111.90145874023438,207.3268280029297,137.1836395263672
2020-10-26,111.91118621826172,201.4300079345703,138.45982360839844
2020-10-27,113.41889953613281,204.46954345703125,139.38882446289062
2020-10-28,108.16622161865234,194.33473205566406,139.51905822753906
2020-10-29,112.17379760742188,196.29071044921875,138.1647491455078
2020-10-30,105.89006042480469,194.1333770751953,136.8016357421875
2020-11-02,105.80249786376953,193.99913024902344,137.82632446289062
2020-11-03,107.42696380615234,197.9303436279297,137.02671813964844
2020-11-04,111.81389617919922,207.480224609375,139.99913024902344
2020-11-05,115.78260803222656,214.09613037109375,140.24244689941406
2020-11-06,115.65106201171875,214.5084228515625,138.5476531982422
2020-11-09,113.34173583984375,209.39785766601562,135.6361083984375
2020-11-10,113.00070190429688,202.3217315673828,134.85391235351562
2020-11-11,116.4305648803711,207.63365173339844,135.34066772460938
2020-11-12,116.1577377319336,206.5693359375,137.643798828125
2020-11-13,116.20646667480469,207.59532165527344,137.46127319335938
2020-11-16,117.2198257446289,208.28562927246094,137.13099670410156
2020-11-17,116.33314514160156,205.6297149658203,138.0261993408203
2020-11-18,115.00796508789062,202.91871643066406,138.426025390625
2020-11-19,115.60234069824219,204.20693969726562,139.138671875
2020-11-20,114.33561706542969,202.2554168701172,140.372802734375
2020-11-23,110.93498229980469,201.9862518310547,139.7296905517578
2020-11-24,112.22118377685547,205.59124755859375,138.33908081054688
2020-11-25,113.05915832519531,205.60089111328125,137.9132537841797
2020-11-27,113.60482025146484,206.90829467773438,139.25172424316406
2020-11-30,116.0018539428711,205.7930908203125,139.07786560058594
2020-12-01,119.57786560058594,207.85043334960938,137.0271759033203
2020-12-02,119.92864990234375,207.04286193847656,135.939697265625
2020-12-03,119.792236328125,205.95655822753906,137.0360107421875
2020-12-04,119.11991119384766,206.07188415527344,135.02618408203125
2020-12-07,120.58149719238281,206.0045928955078,136.2441864013672
2020-12-08,121.19536590576172,207.65811157226562,136.88809204101562
2020-12-09,118.66193389892578,203.6109161376953,136.4356231689453
2020-12-10,120.08454895019531,202.38038635253906,137.64495849609375
2020-12-11,119.27581787109375,205.01443481445312,138.13214111328125
2020-12-14,118.66193389892578,205.91810607910156,137.74932861328125
2020-12-15,124.60575866699219,205.85079956054688,137.2882080078125
2020-12-16,124.53754425048828,210.8017120361328,136.9228057861328
2020-12-17,125.4047622680664,210.9362335205078,136.56056213378906
2020-12-18,123.41700744628906,210.13839721679688,136.15121459960938
2020-12-21,124.94679260253906,213.9836883544922,136.6912078857422
2020-12-22,128.50338745117188,215.28147888183594,137.3966522216797
2020-12-23,127.60688781738281,212.4744110107422,136.44729614257812
2020-12-24,128.5910186767578,214.13754272460938,136.98728942871094
2020-12-28,133.190185546875,216.2620849609375,137.04824829101562
2020-12-29,131.41676330566406,215.4833984375,136.87405395507812
2020-12-30,130.29617309570312,213.10890197753906,137.17015075683594
2020-12-31,129.29257202148438,213.8202667236328,137.3704833984375
2021-01-04,126.09660339355469,209.27316284179688,137.20506286621094
2021-01-05,127.6556167602539,209.4750518798828,136.1860809326172
2021-01-06,123.35852813720703,204.04347229003906,133.3904571533203
2021-01-07,127.56790924072266,209.84994506835938,132.2146453857422
2021-01-08,128.6689910888672,211.12850952148438,131.7879180908203
2021-01-11,125.67756652832031,209.0808868408203,131.57020568847656
2021-01-12,125.50220489501953,206.619873046875,131.46563720703125
2021-01-13,127.53870391845703,207.97531127929688,132.9462432861328
2021-01-14,125.6093978881836,204.78372192382812,131.70079040527344
2021-01-15,123.88469696044922,204.42800903320312,132.22335815429688
2021-01-19,124.55704498291016,208.07150268554688,132.65003967285156
2021-01-20,128.6494903564453,215.66603088378906,132.78073120117188
2021-01-21,133.3656005859375,216.27166748046875,131.84886169433594
2021-01-22,135.50926208496094,217.2137908935547,132.27561950683594
2021-01-25,139.2606658935547,220.65541076660156,133.83457946777344
2021-01-26,139.49453735351562,223.34710693359375,133.5819854736328
2021-01-27,138.4226531982422,223.8950958251953,133.9216766357422
2021-01-28,133.57994079589844,229.6919403076172,133.1813201904297
2021-01-29,128.58131408691406,222.9914093017578,132.38011169433594
2021-02-01,130.7054901123047,230.3840789794922,132.5335693359375
2021-02-02,131.53372192382812,230.24949645996094,131.67910766601562
2021-02-03,130.5106201171875,233.6045379638672,130.51068115234375
2021-02-04,133.87225341796875,232.65281677246094,130.16192626953125
2021-02-05,133.45751953125,232.8354949951172,129.0719757080078
2021-02-08,133.60386657714844,233.0950469970703,129.63870239257812
2021-02-09,132.72567749023438,234.3448486328125,129.734619140625
2021-02-10,132.12062072753906,233.43150329589844,130.59791564941406
2021-02-11,131.86688232421875,235.03697204589844,129.88287353515625
2021-02-12,132.10105895996094,235.51763916015625,128.2698974609375
2021-02-16,129.97373962402344,234.27749633789062,126.31668090820312
2021-02-17,127.68048095703125,235.29884338378906,127.11888122558594
2021-02-18,126.5777359008789,234.90380859375,126.60440826416016
2021-02-19,126.7338638305664,232.18655395507812,124.92162322998047
2021-02-22,122.95735168457031,225.96205139160156,123.97117614746094
2021-02-23,122.82073974609375,224.7672882080078,123.61372375488281
2021-02-24,122.32305145263672,226.00059509277344,122.80284881591797
2021-02-25,118.06832122802734,220.6432647705078,120.79733276367188
2021-02-26,118.3318099975586,223.9097442626953,124.79078674316406
2021-03-01,124.70413208007812,228.30348205566406,123.14263916015625
2021-03-02,122.09860229492188,225.34539794921875,123.15135955810547
2021-03-03,119.11250305175781,219.265380859375,121.81571960449219
2021-03-04,117.22908782958984,218.46563720703125,121.03001403808594
2021-03-05,118.48794555664062,223.15814208984375,121.26571655273438
2021-03-08,113.55013275146484,219.10159301757812,120.32292938232422
2021-03-09,118.16590881347656,225.2586669921875,121.99029541015625
2021-03-10,117.08273315429688,223.94825744628906,122.23473358154297
2021-03-11,119.01492309570312,228.48655700683594,121.35299682617188
2021-03-12,118.10737609863281,227.15687561035156,118.77771759033203
2021-03-15,120.99588012695312,226.25111389160156,119.47610473632812
2021-03-16,122.53775024414062,229.04544067382812,118.99597930908203
2021-03-17,121.7472915649414,228.39981079101562,118.10552978515625
2021-03-18,117.61943817138672,222.31021118164062,116.90953826904297
2021-03-19,117.09246826171875,221.95370483398438,117.63410949707031
2021-03-22,120.41036224365234,227.3881378173828,118.95233154296875
2021-03-23,119.5809097290039,228.92018127441406,120.0261001586914
2021-03-24,117.19007873535156,226.87742614746094,120.6720962524414
2021-03-25,117.67798614501953,223.8711395263672,119.72055053710938
2021-03-26,118.28302001953125,227.86024475097656,119.30154418945312
2021-03-29,118.45867156982422,226.6654815673828,118.28884887695312
2021-03-30,117.00467681884766,223.39901733398438,118.90864562988281
2021-03-31,119.2003402709961,227.17611694335938,118.2452163696289
2021-04-01,120.02980041503906,233.5163116455078,120.2077407836914
2021-04-05,122.8597640991211,239.99139404296875,119.68323516845703
2021-04-06,123.16228485107422,238.82546997070312,120.49622344970703
2021-04-07,124.81147003173828,240.79107666015625,119.65699768066406
2021-04-08,127.21206665039062,244.0189666748047,120.644775390625
2021-04-09,129.788330078125,246.5242156982422,120.2077407836914
2021-04-12,128.0708465576172,246.58204650878906,120.15526580810547
2021-04-13,131.1837921142578,249.06790161132812,121.05567932128906
2021-04-14,128.84173583984375,246.27365112304688,120.67105865478516
2021-04-15,131.25210571289062,250.04116821289062,122.69035339355469
2021-04-16,130.9202880859375,251.23597717285156,121.73759460449219
2021-04-19,131.58389282226562,249.30886840820312,121.38787841796875
2021-04-20,129.89566040039062,248.84642028808594,121.94732666015625
2021-04-21,130.27622985839844,251.0818328857422,122.192138671875
2021-04-22,128.75390625,247.79612731933594,122.72535705566406
2021-04-23,131.07647705078125,251.63104248046875,122.4368896484375
2021-04-26,131.46678161621094,252.0164337158203,122.2620620727539
2021-04-27,131.14474487304688,252.42117309570312,121.195556640625
2021-04-28,130.35433959960938,245.28125,121.27423095703125
2021-04-29,130.2567138671875,243.3059539794922,120.91584777832031
2021-04-30,128.28550720214844,242.9879913330078,121.195556640625
2021-05-03,129.33941650390625,242.6796417236328,121.2682113647461
2021-05-04,124.76268768310547,238.75804138183594,122.09109497070312
2021-05-05,125.00663757324219,237.48611450195312,122.29251861572266
2021-05-06,126.60706329345703,240.62725830078125,122.49382019042969
2021-05-07,127.28150939941406,243.2577667236328,121.88977813720703
2021-05-10,123.99708557128906,238.17022705078125,120.6553955078125
2021-05-11,123.07823181152344,237.2548370361328,119.97249603271484
2021-05-12,120.00885009765625,230.2883758544922,118.71190643310547
2021-05-13,122.15937805175781,234.1715087890625,118.89570617675781
2021-05-14,124.58360290527344,239.1048583984375,120.0075912475586
2021-05-17,123.43012237548828,236.24310302734375,119.7536849975586
2021-05-18,122.04206085205078,234.21969604492188,119.44729614257812
2021-05-19,121.88567352294922,234.7991180419922,119.15839385986328
2021-05-20,124.44674682617188,238.04412841796875,120.13887023925781
2021-05-21,122.60901641845703,236.77896118164062,120.52410125732422
2021-05-24,124.2414779663086,242.19699096679688,120.97055053710938
2021-05-25,124.04594421386719,243.10482788085938,122.09109497070312
2021-05-26,123.99708557128906,242.88270568847656,121.88103485107422
2021-05-27,122.46240997314453,240.77728271484375,121.39075469970703
2021-05-28,121.80746459960938,241.13461303710938,121.19819641113281
2021-06-01,121.48489379882812,238.93267822265625,121.17100524902344
2021-06-02,122.24735260009766,238.83612060546875,121.45152282714844
2021-06-03,120.76153564453125,237.30052185058594,120.99561309814453
2021-06-04,123.05867004394531,242.2066192626953,122.65257263183594
2021-06-07,123.0684585571289,245.123291015625,122.27570343017578
2021-06-08,123.88955688476562,243.92572021484375,123.1348648071289
2021-06-09,124.27079010009766,244.91079711914062,124.2220230102539
2021-06-10,123.27374267578125,248.4359130859375,124.96717834472656
2021-06-11,124.48583221435547,249.0636749267578,124.76551055908203
2021-06-14,127.54545593261719,250.99517822265625,123.80989074707031
2021-06-15,126.72435760498047,249.51754760742188,123.66087341308594
2021-06-16,127.22284698486328,248.57113647460938,123.5556640625
2021-06-17,128.82595825195312,251.9706573486328,125.40553283691406
2021-06-18,127.52588653564453,250.55096435546875,127.76395416259766
2021-06-21,129.32449340820312,253.6414337158203,125.62472534179688
2021-06-22,130.96673583984375,256.4228515625,125.93156433105469
2021-06-23,130.6930389404297,256.1910400390625,125.6072006225586
2021-06-24,130.40956115722656,257.5625,125.8088607788086
2021-06-25,130.11630249023438,255.9495849609375,124.50249481201172
2021-06-28,131.74871826171875,259.52294921875,125.7824935913086
2021-06-29,133.26388549804688,262.1112365722656,125.99296569824219
2021-06-30,133.87969970703125,261.6283874511719,126.55401611328125
2021-07-01,134.1827392578125,262.30438232421875,126.56108093261719
2021-07-02,136.81224060058594,268.1473083496094,127.3248062133789
2021-07-06,138.82591247558594,268.1570129394531,128.81715393066406
2021-07-07,141.31857299804688,270.34930419921875,129.95835876464844
2021-07-08,140.0184783935547,267.92523193359375,130.467529296875
2021-07-09,141.84642028808594,268.4274597167969,128.63278198242188
2021-07-12,141.25010681152344,267.8286437988281,128.46603393554688
2021-07-13,142.3644561767578,271.3634033203125,127.4827651977539
2021-07-14,145.7955322265625,272.8409729003906,128.93124389648438
2021-07-15,145.14060974121094,271.41168212890625,130.35342407226562
2021-07-16,143.09762573242188,271.1412048339844,130.10765075683594
2021-07-19,139.24623107910156,267.529296875,132.960693359375
2021-07-20,142.8629913330078,269.76019287109375,131.678955078125
2021-07-21,142.12986755371094,271.7690124511719,130.01104736328125
2021-07-22,143.49842834472656,276.3467712402344,131.24005126953125
2021-07-23,145.2187957763672,279.7560119628906,130.36216735839844
2021-07-26,145.63916015625,279.15716552734375,129.97592163085938
2021-07-27,143.46908569335938,276.7330627441406,131.36297607421875
2021-07-28,141.71932983398438,276.4240417480469,131.3717498779297
2021-07-29,142.3644561767578,276.69451904296875,130.6431427001953
2021-07-30,142.57955932617188,275.1588134765625,131.25762939453125
2021-08-02,142.2471923828125,275.0718688964844,132.4283447265625
2021-08-03,144.0458221435547,277.293212890625,132.49867248535156
2021-08-04,143.64500427246094,276.7041320800781,132.7711181640625
2021-08-05,143.7525177001953,279.6110534667969,132.09437561035156
2021-08-06,143.06724548339844,279.55316162109375,129.8883056640625
2021-08-09,143.01834106445312,278.4618225097656,129.42234802246094
2021-08-10,142.5386505126953,276.6364440917969,128.8247528076172
2021-08-11,142.7931671142578,277.1291198730469,128.74566650390625
2021-08-12,145.75946044921875,279.89111328125,128.5347137451172
2021-08-13,145.96502685546875,282.8271179199219,130.5649871826172
2021-08-16,147.94256591796875,284.51727294921875,130.8814697265625
2021-08-17,147.03213500976562,283.0492248535156,130.82870483398438
2021-08-18,143.2826690673828,281.3172912597656,131.26817321777344
2021-08-19,143.6155242919922,287.1615905761719,132.23500061035156
2021-08-20,145.07418823242188,294.5058898925781,132.3228759765625
2021-08-23,146.56224060058594,294.78656005859375,132.23500061035156
2021-08-24,146.47413635253906,292.8222351074219,131.20664978027344
2021-08-25,145.24058532714844,292.23199462890625,130.1167449951172
2021-08-26,144.43783569335938,289.4065246582031,130.47711181640625
2021-08-27,145.47557067871094,290.0162048339844,131.36476135253906
2021-08-30,149.9005126953125,293.7608337402344,131.70762634277344
2021-08-31,148.6376495361328,292.106201171875,130.8110809326172
2021-09-01,149.30331420898438,292.05780029296875,131.03033447265625
2021-09-02,150.4193878173828,291.3998107910156,131.60231018066406
2021-09-03,151.0557403564453,291.39019775390625,130.4053955078125
2021-09-07,153.39544677734375,290.46124267578125,129.3053741455078
2021-09-08,151.8486785888672,290.4902648925781,130.1853790283203
2021-09-09,150.83053588867188,287.6260986328125,131.7606964111328
2021-09-10,145.8377685546875,286.1360168457031,130.5990753173828
2021-09-13,146.40557861328125,287.37451171875,131.39111328125
2021-09-14,145.00564575195312,290.0838623046875,132.9839630126953
2021-09-15,145.89651489257812,294.9510498046875,132.51751708984375
2021-09-16,145.66159057617188,295.33807373046875,131.91030883789062
2021-09-17,142.9889678955078,290.1612854003906,131.27664184570312
2021-09-20,139.93455505371094,284.7716369628906,132.9047393798828
2021-09-21,140.4142608642578,285.25543212890625,132.7903594970703
2021-09-22,142.78341674804688,288.9130859375,133.5823516845703
2021-09-23,143.74276733398438,289.861328125,130.56385803222656
2021-09-24,143.8308563232422,289.6581115722656,129.28773498535156
2021-09-27,142.3134307861328,284.6458435058594,128.81253051757812
2021-09-28,138.92620849609375,274.3405456542969,126.80603790283203
2021-09-29,139.82687377929688,274.80511474609375,127.0260009765625
2021-09-30,138.52481079101562,272.7924499511719,127.00840759277344
2021-10-01,139.65066528320312,279.7400207519531,128.0773162841797
2021-10-04,136.2144775390625,273.9438781738281,127.75122833251953
2021-10-05,138.14305114746094,279.4110107421875,126.51764678955078
2021-10-06,139.0143280029297,283.6201477050781,127.2313232421875
2021-10-07,140.2771759033203,285.3038330078125,125.90080261230469
2021-10-08,139.8953857421875,285.3038330078125,125.01962280273438
2021-10-11,139.80731201171875,284.70391845703125,124.70243835449219
2021-10-12,138.53465270996094,283.3975830078125,126.83482360839844
2021-10-13,137.94723510742188,286.716552734375,128.06842041015625
2021-10-14,140.73733520507812,292.9480285644531,128.54432678222656
2021-10-15,141.7946014404297,294.3608093261719,127.79536437988281
2021-10-18,143.46864318847656,297.34112548828125,128.3944854736328
2021-10-19,145.63218688964844,298.2506408691406,126.6233901977539
2021-10-20,146.12167358398438,297.457275390625,125.76859283447266
2021-10-21,146.3370361328125,300.6986999511719,125.61884307861328
2021-10-22,145.56365966796875,299.15045166015625,127.00221252441406
2021-10-25,145.5147247314453,298.1539306640625,126.80844116210938
2021-10-26,146.180419921875,300.06982421875,127.85699462890625
2021-10-27,145.72032165527344,312.7069396972656,130.18328857421875
2021-10-28,149.36207580566406,313.84869384765625,129.74273681640625
2021-10-29,146.6503448486328,320.8833312988281,130.13922119140625
2021-11-01,145.82798767089844,318.7062072753906,129.20228576660156
2021-11-02,146.86569213867188,322.34454345703125,129.7756805419922
2021-11-03,148.30479431152344,323.1862487792969,128.43466186523438
2021-11-04,147.7859344482422,325.54730224609375,129.78448486328125
2021-11-05,148.31533813476562,325.1795959472656,131.72552490234375
2021-11-08,147.49183654785156,326.0794677734375,131.4785614013672
2021-11-09,147.85455322265625,325.0731506347656,133.190185546875
2021-11-10,145.0211944580078,320.0898742675781,130.75506591796875
2021-11-11,144.97218322753906,321.6670837402344,130.56094360351562
2021-11-12,147.0506134033203,325.81817626953125,129.98745727539062
2021-11-15,147.06040954589844,325.1892395019531,128.35523986816406
2021-11-16,148.0408172607422,328.51788330078125,128.02882385253906
2021-11-17,150.4820556640625,328.7408752441406,129.04336547851562
2021-11-18,154.7761993408203,330.82501220703125,129.52867126464844
2021-11-19,157.40367126464844,332.6086730957031,130.89622497558594
2021-11-22,157.86447143554688,329.4291076660156,129.3610382080078
2021-11-23,158.24684143066406,327.3448791503906,127.49063873291016
2021-11-24,158.76644897460938,327.56787109375,129.5374755859375
2021-11-26,153.7369842529297,319.58978271484375,132.81076049804688
2021-11-29,157.09974670410156,326.3270568847656,131.74325561523438
2021-11-30,162.0605926513672,320.471923828125,133.7460174560547
2021-12-01,161.54100036621094,319.97747802734375,134.571044921875
2021-12-02,160.55076599121094,319.40557861328125,134.7388916015625
2021-12-03,158.66839599609375,313.12384033203125,136.34661865234375
2021-12-06,162.08021545410156,316.2066345214844,134.47386169433594
2021-12-07,167.82534790039062,324.66943359375,133.3873748779297
2021-12-08,171.64892578125,324.7178649902344,131.0818328857422
2021-12-09,171.13914489746094,322.9051513671875,131.8149871826172
2021-12-10,175.9333038330078,332.0561828613281,131.4969940185547
2021-12-13,172.29600524902344,329.01226806640625,133.44033813476562
2021-12-14,170.91363525390625,318.290771484375,133.12232971191406
2021-12-15,175.78622436523438,324.4076843261719,131.8415069580078
2021-12-16,168.88421630859375,314.9560241699219,131.89279174804688
2021-12-17,167.78614807128906,313.8897705078125,133.38739013671875
2021-12-20,166.42340087890625,310.1187744140625,132.38803100585938
2021-12-21,169.5998992919922,317.2729187011719,131.88394165039062
2021-12-22,172.1979522705078,323.00201416015625,132.49417114257812
2021-12-23,172.82542419433594,324.4463806152344,131.34449768066406
2021-12-27,176.79605102539062,331.9689025878906,131.66282653808594
2021-12-28,175.7764434814453,330.8056640625,131.1410675048828
2021-12-29,175.86468505859375,331.4842529296875,129.7083740234375
2021-12-30,174.70777893066406,328.9347229003906,130.796142578125
2021-12-31,174.0901641845703,326.0265197753906,131.0526123046875
2022-01-03,178.44313049316406,324.50457763671875,127.61248779296875
2022-01-04,176.17837524414062,318.9403076171875,127.08190155029297
2022-01-05,171.49208068847656,306.6968078613281,126.3920669555664
2022-01-06,168.6293182373047,304.2733154296875,126.71932220458984
2022-01-07,168.7959747314453,304.428466796875,125.80841827392578
2022-01-10,168.8155975341797,304.65142822265625,126.11795043945312
2022-01-11,171.64892578125,305.33966064453125,126.95809173583984
2022-01-12,172.0901336669922,308.52899169921875,126.47168731689453
2022-01-13,168.8155975341797,295.4712219238281,127.59478759765625
2022-01-14,169.67831420898438,300.7059631347656,125.66688537597656
2022-01-18,166.47244262695312,293.3870849609375,123.89817810058594
2022-01-19,162.97235107421875,294.0462646484375,124.7560043334961
2022-01-20,161.2860565185547,292.3692626953125,125.5254135131836
2022-01-21,159.22723388671875,286.96966552734375,127.01995086669922
2022-01-24,158.45269775390625,287.2992858886719,125.97643280029297
2022-01-25,156.6487579345703,279.6604309082031,125.77301025390625
2022-01-26,156.56056213378906,287.6288757324219,124.25194549560547
2022-01-27,156.09976196289062,290.6630859375,126.53356170654297
2022-01-28,166.9920196533203,298.8254089355469,126.57781219482422
2022-01-31,171.3548126220703,301.462158203125,125.9233627319336
2022-02-01,171.18814086914062,299.3100280761719,125.50537872314453
2022-02-02,172.39402770996094,303.8662109375,125.93045806884766
2022-02-03,169.5116424560547,292.0299072265625,124.94742584228516
2022-02-04,169.22695922851562,296.57635498046875,123.1054458618164
2022-02-07,168.5103759765625,291.7391052246094,123.18515014648438
2022-02-08,171.62222290039062,295.2386169433594,122.36154174804688
2022-02-09,173.04562377929688,301.68505859375,122.59178161621094
2022-02-10,168.9619140625,293.1253356933594,120.64349365234375
2022-02-11,165.54579162597656,286.0099792480469,122.43240356445312
2022-02-14,165.78140258789062,285.9712219238281,120.9091796875
2022-02-15,169.61962890625,291.27374267578125,119.5365219116211
2022-02-16,169.38404846191406,290.9338073730469,120.24494171142578
2022-02-17,165.78140258789062,282.4146728515625,121.13941192626953
2022-02-18,164.23037719726562,279.6947021484375,122.41468048095703
2022-02-22,161.30506896972656,279.4906921386719,122.73347473144531
2022-02-23,157.13304138183594,272.2537536621094,121.0420150756836
2022-02-24,159.7540740966797,286.1642150878906,121.12171936035156
2022-02-25,161.8253173828125,288.8063659667969,121.21026611328125
2022-02-28,162.0903778076172,290.244140625,123.86705017089844
2022-03-01,160.2056121826172,286.5139465332031,125.29916381835938
2022-03-02,163.50396728515625,291.6041259765625,121.01608276367188
2022-03-03,163.17999267578125,287.4562072753906,122.24866485595703
2022-03-04,160.1761474609375,281.5694885253906,124.35919189453125
2022-03-07,156.37718200683594,270.9327392578125,123.410400390625
2022-03-08,154.55130004882812,267.9602355957031,122.1689453125
2022-03-09,159.960205078125,280.24835205078125,120.9717788696289
2022-03-10,155.61148071289062,277.4216003417969,119.23368072509766
2022-03-11,151.89102172851562,272.0595397949219,119.63276672363281
2022-03-14,147.8563995361328,268.5333557128906,116.8394546508789
2022-03-15,152.24440002441406,278.9370422363281,116.63549041748047
2022-03-16,156.66183471679688,285.969970703125,117.77947235107422
2022-03-17,157.6729278564453,286.77618408203125,116.90153503417969
2022-03-18,160.97129821777344,291.8371276855469,118.32926940917969
2022-03-21,162.34559631347656,290.6034851074219,115.5891342163086
2022-03-22,165.7224884033203,295.3634033203125,114.10820770263672
2022-03-23,167.08697509765625,290.92413330078125,116.60890197753906
2022-03-24,170.87615966796875,295.4022216796875,115.69554901123047
2022-03-25,171.5142364501953,294.9942626953125,114.09052276611328
2022-03-28,172.37811279296875,301.8134460449219,115.0659408569336
2022-03-29,175.6764678955078,306.3887634277344,115.93496704101562
2022-03-30,174.50828552246094,304.8830261230469,116.8394546508789
2022-03-31,171.40626525878906,299.4918212890625,117.12324523925781
2022-04-01,171.11178588867188,300.570068359375,117.56908416748047
2022-04-04,175.16598510742188,305.9613342285156,116.75202941894531
2022-04-05,171.8479766845703,301.98828125,114.11431121826172
2022-04-06,168.67727661132812,290.9338073730469,113.19064331054688
2022-04-07,168.98155212402344,292.7503356933594,112.3380355834961
2022-04-08,166.9691619873047,288.47613525390625,111.12134552001953
2022-04-11,162.70883178710938,277.1010437011719,109.36286163330078
2022-04-12,164.5837860107422,273.99261474609375,109.21188354492188
2022-04-13,167.2735137939453,279.39361572265625,109.43388366699219
2022-04-14,162.25726318359375,271.82635498046875,107.240234375
2022-04-18,162.0413055419922,272.4966125488281,106.7073745727539
2022-04-19,164.32847595214844,277.13995361328125,105.90808868408203
2022-04-20,164.1616668701172,278.1695861816406,108.03953552246094
2022-04-21,163.36654663085938,272.7783508300781,107.240234375
2022-04-22,158.8214569091797,266.1922912597656,106.56529235839844
2022-04-25,159.8914794921875,272.6909484863281,107.63101959228516
2022-04-26,153.92303466796875,262.49127197265625,108.71453857421875
2022-04-27,153.69725036621094,275.119384765625,107.32017517089844
2022-04-28,160.63751220703125,281.3460998535156,107.48003387451172
2022-04-29,154.7574462890625,269.5823974609375,106.08570098876953
2022-05-02,155.06173706054688,276.3336181640625,104.24685668945312
2022-05-03,156.55384826660156,273.7206726074219,104.94963836669922
2022-05-04,162.97386169433594,281.6860656738281,105.52787780761719
2022-05-05,153.89358520507812,269.4173278808594,102.63660430908203
2022-05-06,154.62109375,266.872314453125,101.12422943115234
2022-05-09,149.4893035888672,257.0125732421875,102.01385498046875
2022-05-10,151.89788818359375,261.7917785644531,102.9390869140625
2022-05-11,144.02330017089844,253.09783935546875,104.9229736328125
2022-05-12,140.14993286132812,248.04656982421875,104.72722625732422
2022-05-13,144.62303161621094,253.65150451660156,103.17926025390625
2022-05-16,143.0795135498047,254.02066040039062,103.07252502441406
2022-05-17,146.7169952392578,259.1885070800781,101.82704162597656
2022-05-18,138.4393310546875,247.38775634765625,103.99773406982422
2022-05-19,135.02801513671875,246.4724884033203,104.24685668945312
2022-05-20,135.2639617919922,245.90777587890625,105.43004608154297
2022-05-23,140.6906280517578,253.78466796875,103.69525146484375
2022-05-24,137.9871063232422,252.78182983398438,105.74142456054688
2022-05-25,138.14442443847656,255.6054229736328,106.15955352783203
2022-05-26,141.3493194580078,258.8964538574219,105.67913818359375
2022-05-27,147.11024475097656,266.0430603027344,105.93714141845703
2022-05-31,146.32374572753906,264.70916748046875,103.69525146484375
2022-06-01,146.1959686279297,265.2446594238281,103.57674407958984
2022-06-02,148.6536865234375,267.3477783203125,103.63019561767578
2022-06-03,142.9222412109375,262.9078674316406,103.40738677978516
2022-06-06,143.6693878173828,261.67132568359375,101.50020599365234
2022-06-07,146.1959686279297,265.3225402832031,102.59639739990234
2022-06-08,145.4586639404297,263.2876281738281,101.6873550415039
2022-06-09,140.22860717773438,257.8156433105469,102.0260238647461
2022-06-10,134.81173706054688,246.32644653320312,101.39325714111328
2022-06-13,129.65048217773438,235.8790740966797,98.21163177490234
2022-06-14,130.51559448242188,238.0503387451172,96.97286224365234
2022-06-15,133.14044189453125,245.1288299560547,98.7820053100586
2022-06-16,127.86125183105469,238.5177001953125,99.56626892089844
2022-06-17,129.3358917236328,241.12709045410156,99.88710021972656
2022-06-21,133.57302856445312,247.0566864013672,98.19380187988281
2022-06-22,133.0618133544922,246.4627685546875,100.8941650390625
2022-06-23,135.93246459960938,252.0417938232422,101.7229995727539
2022-06-24,139.26515197753906,260.6489562988281,100.31488037109375
2022-06-27,139.26515197753906,257.9130554199219,99.45932006835938
2022-06-28,135.11647033691406,249.72450256347656,99.92276000976562
2022-06-29,136.87620544433594,253.4049530029297,101.48239135742188
2022-06-30,134.40866088867188,250.0652618408203,102.37358856201172
2022-07-01,136.58128356933594,252.7428741455078,103.42462158203125
2022-07-05,139.1668243408203,255.92674255371094,104.23723602294922
2022-07-06,140.5038604736328,259.1982421875,102.48699951171875
2022-07-07,143.87588500976562,261.33056640625,101.58506774902344
2022-07-08,144.55421447753906,260.6100158691406,100.45995330810547
2022-07-11,142.4208526611328,257.54302978515625,102.19232940673828
2022-07-12,143.3941192626953,246.98854064941406,102.799560546875
2022-07-13,143.0303955078125,246.06353759765625,103.97827911376953
2022-07-14,145.96002197265625,247.38775634765625,103.12995147705078
2022-07-15,147.63128662109375,249.95822143554688,103.71037292480469
2022-07-18,144.5836639404297,247.55323791503906,102.6298828125
2022-07-19,148.44725036621094,252.69415283203125,102.07623291015625
2022-07-20,150.4527130126953,255.3620147705078,102.3441390991211
2022-07-21,152.7237091064453,257.8642883300781,104.11221313476562
2022-07-22,151.48500061035156,253.5023193359375,105.86244201660156
2022-07-25,150.36427307128906,252.0126190185547,104.82661437988281
2022-07-26,149.03709411621094,245.26515197753906,104.90697479248047
2022-07-27,154.1393280029297,261.66162109375,104.31759643554688
2022-07-28,154.68992614746094,269.1295166015625,105.1480712890625
2022-07-29,159.76268005371094,273.34552001953125,104.86231994628906
2022-08-01,158.77957153320312,270.6874084472656,107.38777160644531
2022-08-02,157.304931640625,267.58148193359375,105.11550903320312
2022-08-03,163.3214569091797,275.02996826171875,106.77050018310547
2022-08-04,163.00686645507812,276.17889404296875,106.7347183227539
2022-08-05,162.78041076660156,275.4583435058594,104.19404602050781
2022-08-08,162.30792236328125,272.9366149902344,105.8758773803711
2022-08-09,162.35711669921875,274.86444091796875,105.46439361572266
2022-08-10,166.60997009277344,281.5437927246094,104.77555084228516
2022-08-11,165.87164306640625,279.4601135253906,102.33329772949219
2022-08-12,169.42556762695312,284.22137451171875,103.37104034423828
2022-08-15,170.49859619140625,285.740234375,103.28155517578125
2022-08-16,170.34109497070312,285.0002746582031,103.71097564697266
2022-08-17,171.8374786376953,284.24896240234375,102.62850189208984
2022-08-18,171.4436798095703,283.1268310546875,102.78058624267578
2022-08-19,168.8545379638672,279.2044677734375,101.12557220458984
2022-08-22,164.96592712402344,271.00836181640625,100.78565216064453
2022-08-23,164.63121032714844,269.7301025390625,100.23094940185547
2022-08-24,164.92657470703125,269.0959167480469,99.49739837646484
2022-08-25,167.3876953125,272.08172607421875,100.88402557373047
2022-08-26,161.07730102539062,261.5827941894531,101.64441680908203
2022-08-29,158.87213134765625,258.7922058105469,100.80353546142578
2022-08-30,156.44053649902344,256.5870666503906,101.05400848388672
2022-08-31,154.77674865722656,255.12347412109375,100.08782958984375
2022-09-01,155.50527954101562,254.0794219970703,98.25540161132812
2022-09-02,153.3887176513672,249.8447723388672,98.8112564086914
2022-09-06,152.12860107421875,247.1029815673828,96.36382293701172
2022-09-07,153.53636169433594,251.82554626464844,97.88787078857422
2022-09-08,152.05970764160156,252.24508666992188,96.88378143310547
2022-09-09,154.9244384765625,258.0408935546875,97.09893798828125
2022-09-12,160.89027404785156,260.1777038574219,96.30107879638672
2022-09-13,151.4492950439453,245.8735809326172,96.52520751953125
2022-09-14,152.896484375,246.0979766845703,96.8569107055664
2022-09-15,150.0021514892578,239.4239959716797,96.79413604736328
2022-09-16,148.3581085205078,238.79957580566406,95.98728942871094
2022-09-19,152.07936096191406,238.58489990234375,96.21141815185547
2022-09-20,154.46173095703125,236.56512451171875,95.25216674804688
2022-09-21,151.3311767578125,233.1501007080078,96.84790802001953
2022-09-22,150.36643981933594,235.1307830810547,94.37362670898438
2022-09-23,148.09226989746094,232.14508056640625,94.75911712646484
2022-09-26,148.42701721191406,231.68650817871094,92.94818878173828
2022-09-27,149.40164184570312,230.67176818847656,90.5007553100586
2022-09-28,147.51144409179688,235.21864318847656,93.53092193603516
2022-09-29,140.26583862304688,231.73529052734375,93.04682159423828
2022-09-30,136.0523681640625,227.2469024658203,91.84550476074219
2022-10-03,140.2362823486328,234.89663696289062,93.30487823486328
2022-10-04,143.82958984375,242.8390655517578,93.04427337646484
2022-10-05,144.1249237060547,243.15126037597656,92.1546401977539
2022-10-06,143.1699981689453,240.79978942871094,91.64240264892578
2022-10-07,137.91297912597656,228.554443359375,90.75276947021484
2022-10-10,138.23785400390625,223.68553161621094,89.34190368652344
2022-10-11,136.8201904296875,219.93873596191406,89.73729705810547
2022-10-12,136.190185546875,220.2705078125,90.1776351928711
2022-10-13,140.76791381835938,228.554443359375,89.31494903564453
2022-10-14,136.2295379638672,223.01226806640625,88.57809448242188
2022-10-17,140.1969451904297,231.76454162597656,88.14672088623047
2022-10-18,141.51609802246094,232.7110137939453,88.35342407226562
2022-10-19,141.62442016601562,230.74002075195312,86.74486541748047
2022-10-20,141.1616973876953,230.41802978515625,85.26211547851562
2022-10-21,144.98141479492188,236.2431182861328,83.72547912597656
2022-10-24,147.1275177001953,241.24864196777344,83.03353118896484
2022-10-25,149.97259521484375,244.57586669921875,85.45085144042969
2022-10-26,147.0290985107422,225.7052764892578,86.68195343017578
2022-10-27,142.5498046875,221.2462158203125,87.58960723876953
2022-10-28,153.31980895996094,230.14483642578125,86.98751068115234
2022-10-31,150.95709228515625,226.49563598632812,86.36746215820312
2022-11-01,148.3088836669922,222.63172912597656,87.17459869384766
2022-11-02,142.77618408203125,214.7576141357422,86.79623413085938
2022-11-03,136.7218017578125,209.0496063232422,86.32780456542969
2022-11-04,136.45555114746094,216.01632690429688,84.87747955322266
2022-11-07,136.988037109375,222.3390350341797,84.0306625366211
2022-11-08,137.55995178222656,223.31472778320312,84.94953155517578
2022-11-09,132.99435424804688,219.060546875,85.22879028320312
2022-11-10,144.82748413085938,237.0822296142578,88.50785827636719
2022-11-11,147.61813354492188,241.11203002929688,88.1835708618164
2022-11-14,146.21786499023438,235.68698120117188,87.96733093261719
2022-11-15,147.95339965820312,236.0968017578125,89.39066314697266
2022-11-16,146.72073364257812,236.52728271484375,91.34551239013672
2022-11-17,148.62393188476562,236.47836303710938,90.38159942626953
2022-11-18,149.1859588623047,236.0282745361328,89.76001739501953
2022-11-21,145.95162963867188,236.8404083251953,90.13835906982422
2022-11-22,148.0914306640625,239.7562713623047,91.41759490966797
2022-11-23,148.96908569335938,242.2513885498047,93.01206970214844
2022-11-25,146.05023193359375,242.16334533691406,92.69677734375
2022-11-28,142.21432495117188,236.55665588378906,92.95802307128906
2022-11-29,139.2067413330078,235.15744018554688,91.86800384521484
2022-11-30,145.97134399414062,249.64866638183594,92.54363250732422
2022-12-01,146.24745178222656,249.2083740234375,95.5000228881836
2022-12-02,145.75440979003906,249.53126525878906,96.70097351074219
2022-12-05,144.5908203125,244.81500244140625,95.34650421142578
2022-12-06,140.92254638671875,239.84434509277344,96.5745620727539
2022-12-07,138.97994995117188,239.11045837402344,98.85011291503906
2022-12-08,140.66615295410156,242.0752716064453,98.57917785644531
2022-12-09,140.1829833984375,240.13790893554688,96.01470947265625
2022-12-12,142.4805908203125,247.07528686523438,96.32170867919922
2022-12-13,143.44696044921875,251.390380859375,97.25179290771484
2022-12-14,141.21839904785156,251.68392944335938,97.6672134399414
2022-12-15,134.60166931152344,243.6505889892578,98.04829406738281
2022-12-16,132.63937377929688,239.42359924316406,96.95301055908203
2022-12-19,130.5291290283203,235.27481079101562,95.32369232177734
2022-12-20,130.46009826660156,236.5957794189453,93.63101196289062
2022-12-21,133.56629943847656,239.16920471191406,93.86634063720703
2022-12-22,130.3910675048828,233.06349182128906,93.84825134277344
2022-12-23,130.0262451171875,233.5918731689453,92.47241973876953
2022-12-27,128.22164916992188,231.8599853515625,90.64396667480469
2022-12-28,124.28715515136719,229.48223876953125,90.10991668701172
2022-12-29,127.80753326416016,235.8227996826172,91.13273620605469
2022-12-30,128.12306213378906,234.65841674804688,90.11893463134766
2023-01-03,123.33064270019531,234.42356872558594,91.8387680053711
2023-01-04,124.60271453857422,224.1691436767578,93.09696197509766
2023-01-05,123.28132629394531,217.5252685546875,93.48621368408203
2023-01-06,127.8173599243164,220.08888244628906,95.20602416992188
2023-01-09,128.3399658203125,222.2317352294922,95.712890625
2023-01-10,128.9119415283203,223.92453002929688,94.1288833618164
2023-01-11,131.63356018066406,230.69558715820312,95.65858459472656
2023-01-12,131.5546875,233.37660217285156,97.54135131835938
2023-01-13,132.88589477539062,234.08111572265625,96.62712860107422
2023-01-17,134.04949951171875,235.177001953125,96.0025863647461
2023-01-18,133.3296356201172,230.73471069335938,98.328857421875
2023-01-19,133.3887939453125,226.93824768066406,97.7133560180664
2023-01-20,135.95262145996094,235.04978942871094,96.12928009033203
2023-01-23,139.1475830078125,237.35902404785156,95.67668914794922
2023-01-24,140.54783630371094,236.8306427001953,97.05255889892578
2023-01-25,139.88717651367188,235.43141174316406,97.28793334960938
2023-01-26,141.95794677734375,242.66236877441406,96.83531951904297
2023-01-27,143.90054321289062,242.81890869140625,96.5909423828125
2023-01-30,141.01129150390625,237.48622131347656,96.2379379272461
2023-01-31,142.28334045410156,242.47640991210938,97.00730895996094
2023-02-01,143.40750122070312,247.31011962890625,98.1734619140625
2023-02-02,148.72254943847656,258.9050598144531,98.30052185058594
2023-02-03,152.35137939453125,252.7895965576172,96.83036041259766
2023-02-06,149.61988830566406,251.24359130859375,96.11343383789062
2023-02-07,152.499267578125,261.8013610839844,95.34204864501953
2023-02-08,149.8072509765625,260.9892883300781,95.79582214355469
2023-02-09,148.77183532714844,257.9461364746094,94.8883056640625
2023-02-10,149.13723754882812,257.4373474121094,93.82653045654297
2023-02-13,151.94203186035156,265.48046875,94.61605072021484
2023-02-14,151.30010986328125,266.3121643066406,94.39824676513672
2023-02-15,153.4036865234375,264.18359375,93.51797485351562
2023-02-16,151.80377197265625,257.1502685546875,92.19303131103516
2023-02-17,150.65814208984375,253.1382598876953,92.90995025634766
2023-02-21,146.63864135742188,247.85110473632812,91.10401916503906
2023-02-22,147.0632781982422,246.7132110595703,91.93893432617188
2023-02-23,147.54721069335938,249.91104125976562,92.83734893798828
2023-02-24,144.8905792236328,244.46688842773438,91.6303482055664
2023-02-27,146.08555603027344,245.3889617919922,91.88445281982422
2023-02-28,145.58192443847656,244.66307067871094,92.30191040039062
2023-03-01,143.5079345703125,241.5731964111328,91.31031036376953
2023-03-02,144.1005096435547,246.32081604003906,90.50064849853516
2023-03-03,149.1570281982422,250.42108154296875,92.69310760498047
2023-03-06,151.9223175048828,251.9709930419922,91.97441864013672
2023-03-07,149.71994018554688,249.30284118652344,92.5384521484375
2023-03-08,150.97421264648438,248.8614501953125,92.62944030761719
2023-03-09,148.72244262695312,247.5077667236328,92.85686492919922
2023-03-10,146.65838623046875,243.84890747070312,96.05913543701172
2023-03-13,148.6039581298828,249.07725524902344,96.27745819091797
2023-03-14,150.69764709472656,255.81619262695312,94.69453430175781
2023-03-15,151.0927276611328,260.3775329589844,96.52310180664062
2023-03-16,153.91720581054688,270.932373046875,95.76802825927734
2023-03-17,153.07777404785156,274.1007080078125,97.20542907714844
2023-03-20,155.44801330566406,267.03802490234375,96.35028076171875
2023-03-21,157.30470275878906,268.5584716796875,95.52239990234375
2023-03-22,155.8726806640625,267.09686279296875,96.79602813720703
2023-03-23,156.95904541015625,272.36444091796875,96.79602813720703
2023-03-24,158.26266479492188,275.2189636230469,97.20542907714844
2023-03-27,156.3170928955078,271.1088562011719,94.9219741821289
2023-03-28,155.69488525390625,269.9808044433594,95.09481048583984
2023-03-29,158.77621459960938,275.1601257324219,94.90379333496094
2023-03-30,160.34649658203125,278.6325988769531,95.3404541015625
2023-03-31,162.85498046875,282.801513671875,96.76874542236328
2023-04-03,164.1092529296875,281.7519836425781,97.22383880615234
2023-04-04,163.57595825195312,281.7029113769531,97.70722198486328
2023-04-05,161.72914123535156,278.9171142578125,98.72870635986328
2023-04-06,162.61798095703125,286.0386047363281,98.98410034179688
2023-04-10,160.02061462402344,283.87078857421875,97.38801574707031
2023-04-11,158.8058319091797,277.43585205078125,97.58866119384766
2023-04-12,158.11456298828125,278.083251953125,97.48832702636719
2023-04-13,163.50682067871094,284.31219482421875,96.72221374511719
2023-04-14,163.16116333007812,280.6827697753906,95.83753967285156
2023-04-17,163.180908203125,283.2920227050781,94.69750213623047
2023-04-18,164.40554809570312,282.8702087402344,95.03495025634766
2023-04-19,165.55116271972656,282.9486999511719,94.9437255859375
2023-04-20,164.5832977294922,280.6533203125,95.75543975830078
2023-04-21,162.9735107421875,280.30999755859375,95.21736145019531
2023-04-24,163.27967834472656,276.3961181640625,96.13851165771484
2023-04-25,161.73902893066406,270.1672058105469,97.55216979980469
2023-04-26,161.72914123535156,289.7366638183594,96.512451171875
2023-04-27,166.32147216796875,299.0163269042969,95.55479431152344
2023-04-28,167.57571411132812,301.3999938964844,97.09618377685547
2023-05-01,167.48683166503906,299.73236083984375,94.29644012451172
2023-05-02,166.44985961914062,299.5852355957031,96.64629364013672
2023-05-03,165.37338256835938,298.5945129394531,97.1857681274414
2023-05-04,163.73397827148438,299.5852355957031,96.22569274902344
2023-05-05,171.41751098632812,304.72528076171875,95.90569305419922
2023-05-08,171.34835815429688,302.763427734375,94.56159973144531
2023-05-09,169.63980102539062,301.1448974609375,94.22329711914062
2023-05-10,171.40760803222656,306.3536376953125,95.13761901855469
2023-05-11,171.59523010253906,304.1955871582031,96.1434097290039
2023-05-12,170.6656494140625,303.0773620605469,95.33878326416016
2023-05-15,170.17115783691406,303.5579528808594,94.35130310058594
2023-05-16,170.17115783691406,305.7945251464844,94.06782531738281
2023-05-17,170.78428649902344,308.6846923828125,93.79354095458984
2023-05-18,173.11825561523438,313.12823486328125,93.09864044189453
2023-05-19,173.22703552246094,312.9513244628906,92.44029235839844
2023-05-22,172.27760314941406,315.7431945800781,92.11112976074219
2023-05-23,169.66677856445312,309.9234313964844,92.37630462646484
2023-05-24,169.9436798095703,308.5372314453125,91.91915130615234
2023-05-25,171.0809783935547,320.4029846191406,91.6905517578125
2023-05-26,173.49403381347656,327.2549743652344,92.43115997314453
2023-05-30,175.3434295654297,325.6034240722656,93.35466003417969
2023-05-31,175.2939910888672,322.8312072753906,94.16841888427734
2023-06-01,178.10264587402344,326.9502258300781,94.53789520263672
2023-06-02,178.95315551757812,329.72247314453125,93.50191497802734
2023-06-05,177.59825134277344,330.2533264160156,93.3277587890625
2023-06-06,177.2323760986328,328.0315856933594,93.87779998779297
2023-06-07,175.85768127441406,317.9059753417969,92.48429107666016
2023-06-08,178.5773468017578,319.7541198730469,93.56609344482422
2023-06-09,178.96304321289062,321.25823974609375,93.4377670288086
2023-06-12,181.76181030273438,326.2325744628906,93.7127914428711
2023-06-13,181.28707885742188,328.63128662109375,92.78684997558594
2023-06-14,181.9200439453125,331.629638671875,93.52943420410156
2023-06-15,183.95730590820312,342.2075500488281,94.42788696289062
2023-06-16,182.87933349609375,336.53515625,94.0611572265625
2023-06-20,182.9683380126953,332.3276062011719,94.71208953857422
2023-06-21,181.92991638183594,327.9136657714844,94.9412612915039
2023-06-22,184.93638610839844,333.9595031738281,93.79530334472656
2023-06-23,184.61988830566406,329.3489074707031,94.73042297363281
2023-06-26,183.22547912597656,323.03759765625,94.83125305175781
2023-06-27,185.9846954345703,328.90655517578125,94.5837173461914
2023-06-28,187.16152954101562,330.1648864746094,94.98710632324219
2023-06-29,187.49777221679688,329.3783874511719,93.27273559570312
2023-06-30,191.82943725585938,334.7754821777344,94.37287902832031
2023-07-03,190.3361358642578,332.26861572265625,93.83786010742188
2023-07-05,189.2185821533203,332.4259338378906,92.94618225097656
2023-07-06,189.69329833984375,335.49310302734375,91.63165283203125
2023-07-07,188.57577514648438,331.51165771484375,91.08009338378906
2023-07-10,186.5286102294922,326.2129211425781,91.1996078491211
2023-07-11,186.0044708251953,326.84210205078125,91.66840362548828
2023-07-12,187.67581176757812,331.4919738769531,92.68880462646484
2023-07-13,188.4373016357422,336.85955810546875,93.6632080078125
2023-07-14,188.58566284179688,339.3958740234375,93.11164093017578
2023-07-17,191.84927368164062,339.8775939941406,93.15762329101562
2023-07-18,191.59210205078125,353.4046630859375,93.58048248291016
2023-07-19,192.94699096679688,349.0693054199219,94.63760375976562
2023-07-20,190.99871826171875,340.9983215332031,93.48855590820312
2023-07-21,189.8218536376953,337.9508056640625,93.51612091064453
2023-07-24,190.6229248046875,339.26812744140625,93.1760025024414
2023-07-25,191.4833221435547,345.0387878417969,93.0013427734375
2023-07-26,192.35360717773438,332.0523376464844,93.0932388305664
2023-07-27,191.08773803710938,325.1217041015625,91.2823257446289
2023-07-28,193.6689453125,332.6422119140625,91.75115203857422
2023-07-31,194.28208923339844,330.23370361328125,91.9717788696289
2023-08-01,193.4513397216797,330.64654541015625,90.46464538574219
2023-08-02,190.45481872558594,321.9562683105469,89.49674224853516
2023-08-03,189.0603485107422,321.13037109375,87.43195343017578
2023-08-04,179.98165893554688,322.2314758300781,88.98053741455078
2023-08-07,176.87631225585938,324.5220031738281,88.10484313964844
2023-08-08,177.8158416748047,320.53076171875,89.1280517578125
2023-08-09,176.22360229492188,316.7754211425781,89.58892822265625
2023-08-10,176.00601196289062,317.4635314941406,88.11407470703125
2023-08-11,176.0654296875,315.57611083984375,87.9112777709961
2023-08-14,177.71926879882812,318.5547790527344,87.71768951416016
2023-08-15,175.72874450683594,316.41168212890625,87.18307495117188
2023-08-16,174.85728454589844,315.6432800292969,86.50092315673828
2023-08-17,172.31222534179688,312.1755676269531,86.1322250366211
2023-08-18,172.79747009277344,311.781494140625,86.43641662597656
2023-08-21,174.13436889648438,317.101318359375,85.2841567993164
2023-08-22,175.5108642578125,317.67266845703125,85.93864440917969
2023-08-23,179.36314392089844,322.14532470703125,88.06798553466797
2023-08-24,174.6691436767578,315.2196960449219,87.48726654052734
2023-08-25,176.87750244140625,318.1849670410156,87.77300262451172
2023-08-28,178.44216918945312,318.894287109375,87.86519622802734
2023-08-29,182.33404541015625,323.53436279296875,88.77777099609375
2023-08-30,185.82980346679688,323.90875244140625,88.68560028076172
2023-08-31,186.0476531982422,322.8940124511719,89.08194732666016
2023-09-01,187.6222381591797,323.7806396484375,87.6941909790039
2023-09-05,187.85989379882812,328.5980224609375,86.46453094482422
2023-09-06,181.13580322265625,327.93798828125,86.67717742919922
2023-09-07,175.83767700195312,325.0121154785156,86.91756439208984
2023-09-08,176.45166015625,329.30731201171875,87.25041198730469
2023-09-11,177.62020874023438,332.9228820800781,86.62171936035156
2023-09-12,174.58987426757812,326.8444519042969,87.1209716796875
2023-09-13,172.52017211914062,331.0707702636719,87.10247039794922
2023-09-14,174.03533935546875,333.671630859375,86.47377014160156
2023-09-15,173.31243896484375,325.3174743652344,85.94679260253906
2023-09-18,176.2436981201172,324.1747131347656,86.43680572509766
2023-09-19,177.3330535888672,323.77081298828125,85.7988510131836
2023-09-20,173.78778076171875,316.0078125,86.06696319580078
2023-09-21,172.2428741455078,314.78619384765625,83.85728454589844
2023-09-22,173.09454345703125,312.3036193847656,84.53219604492188
2023-09-25,174.37205505371094,312.8258056640625,82.45195007324219
2023-09-26,170.29200744628906,307.50592041015625,82.16534423828125
2023-09-27,168.77684020996094,308.146240234375,81.74005889892578
2023-09-28,169.03433227539062,308.9836730957031,81.98969268798828
2023-09-29,169.5492706298828,311.06231689453125,81.99894714355469
2023-10-02,172.06463623046875,317.0224914550781,80.62625885009766
2023-10-03,170.7277069091797,308.7373352050781,78.89185333251953
2023-10-04,171.97549438476562,314.224609375,80.00482177734375
2023-10-05,173.21337890625,314.6186828613281,79.60601806640625
2023-10-06,175.7683868408203,322.4014587402344,78.64143371582031
2023-10-09,177.25381469726562,324.9234313964844,80.48711395263672
2023-10-10,176.6596221923828,323.51470947265625,80.3758316040039
2023-10-11,178.0559539794922,327.4848327636719,82.0545654296875
2023-10-12,178.95712280273438,326.2435607910156,79.82859802246094
2023-10-13,177.11517333984375,322.8644714355469,81.25691986083984
2023-10-16,176.98643493652344,327.7015686035156,79.94918060302734
2023-10-17,175.43165588378906,327.13018798828125,79.06806945800781
2023-10-18,174.13436889648438,325.2091064453125,78.37245178222656
2023-10-19,173.758056640625,326.4011535644531,76.76788330078125
2023-10-20,171.2030792236328,321.8202209472656,77.20381927490234
2023-10-23,171.32191467285156,324.4308166503906,78.13130187988281
2023-10-24,171.75762939453125,325.6229248046875,79.16081237792969
2023-10-25,169.44036865234375,335.6123352050781,77.39859771728516
2023-10-26,165.27117919921875,323.0220642089844,78.58578491210938
2023-10-27,166.58828735351562,324.91357421875,78.25188446044922
2023-10-30,168.63819885253906,332.3022155761719,77.8994369506836
2023-10-31,169.11354064941406,333.09033203125,77.51917266845703
2023-11-01,172.28250122070312,340.93218994140625,79.19995880126953
2023-11-02,175.8476104736328,343.14874267578125,81.00545501708984
2023-11-03,174.93649291992188,347.562255859375,81.55455017089844
2023-11-06,177.491455078125,351.23687744140625,80.76348114013672
2023-11-07,180.05638122558594,355.1774597167969,81.95472717285156
2023-11-08,181.11598205566406,357.8078308105469,83.35075378417969
2023-11-09,180.64060974121094,355.33514404296875,81.43355560302734
2023-11-10,184.83514404296875,364.18182373046875,81.88959503173828
2023-11-13,183.24853515625,361.2361755371094,81.70347595214844
2023-11-14,185.86639404296875,364.77288818359375,83.55548858642578
2023-11-15,186.4315948486328,364.9209899902344,82.38286590576172
2023-11-16,188.11732482910156,371.33746337890625,83.40660095214844
2023-11-17,188.09750366210938,365.0986633300781,83.7974624633789
2023-11-20,189.84271240234375,372.5911560058594,84.30931854248047
2023-11-21,189.03953552246094,368.2772521972656,84.27210998535156
2023-11-22,189.7039031982422,372.99591064453125,84.56993103027344
2023-11-24,188.37515258789062,372.5812683105469,83.57411193847656
2023-11-27,188.19668579101562,373.74609375,84.97010803222656
2023-11-28,188.80152893066406,377.7835693359375,85.13764190673828
2023-11-29,187.7801971435547,373.9830322265625,86.20787048339844
2023-11-30,188.35531616210938,374.0422668457031,85.21206665039062
2023-12-01,189.63449096679688,369.6988220214844,86.81697845458984
2023-12-04,187.83969116210938,364.3977966308594,86.4715347290039
2023-12-05,191.7961883544922,367.7343444824219,88.32942962646484
2023-12-06,190.7054443359375,364.0621337890625,89.50579071044922
2023-12-07,192.63905334472656,366.1845397949219,88.9922866821289
2023-12-08,194.0669708251953,369.42236328125,88.26407623291016
2023-12-11,191.55819702148438,366.5299987792969,88.07733917236328
2023-12-12,193.0753631591797,369.5704650878906,88.3387680053711
2023-12-13,196.29806518554688,369.5605773925781,90.41139221191406
2023-12-14,196.44680786132812,361.2290344238281,92.76323699951172
2023-12-15,195.91136169433594,365.9673767089844,92.86628723144531
2023-12-18,194.2454376220703,367.8627014160156,92.12637329101562
2023-12-19,195.2866668701172,368.46484375,92.62277221679688
2023-12-20,193.19436645507812,365.85870361328125,93.25028228759766
2023-12-21,193.04559326171875,368.74127197265625,92.66023254394531
2023-12-22,191.97467041015625,369.76788330078125,92.23875427246094
2023-12-26,191.42929077148438,369.8468322753906,92.50098419189453
2023-12-27,191.5284423828125,369.26446533203125,94.14010620117188
2023-12-28,191.95484924316406,370.45892333984375,93.45635986328125
2023-12-29,190.91366577148438,371.2091369628906,92.61338806152344
2024-01-02,184.08151245117188,366.1055603027344,92.07953643798828
2024-01-03,182.70318603515625,365.8390808105469,92.46353912353516
2024-01-04,180.38282775878906,363.2131652832031,91.05860137939453
2024-01-05,179.65895080566406,363.0256652832031,90.18754577636719
2024-01-08,184.00216674804688,369.8764953613281,91.07733154296875
2024-01-09,183.58570861816406,370.96234130859375,90.49662017822266
2024-01-10,184.62689208984375,377.8526611328125,90.07514953613281
2024-01-11,184.03192138671875,379.68878173828125,90.58094024658203
2024-01-12,184.35914611816406,383.4794921875,90.4029541015625
2024-01-16,182.08836364746094,385.25634765625,88.81070709228516
2024-01-17,181.14633178710938,384.46661376953125,88.6701889038086
2024-01-18,187.04638671875,388.81011962890625,87.84597778320312
2024-01-19,189.95179748535156,393.5484619140625,88.1269760131836
2024-01-22,192.26223754882812,391.41619873046875,88.65149688720703
2024-01-23,193.54139709472656,393.7754211425781,87.94901275634766
2024-01-24,192.8671112060547,397.3884582519531,87.4338607788086
2024-01-25,192.53988647460938,399.6688232421875,88.00521087646484
2024-01-26,190.80458068847656,398.7408447265625,87.83662414550781
2024-01-29,190.12037658691406,404.4565124511719,88.84818267822266
2024-01-30,186.4613494873047,403.3409423828125,89.65367126464844
2024-01-31,182.85189819335938,392.4724426269531,90.53408813476562
2024-02-01,185.29127502441406,398.5927429199219,92.31002044677734
2024-02-02,184.2897491455078,405.93719482421875,90.27099609375
2024-02-05,186.10438537597656,400.438720703125,88.4480972290039
2024-02-06,187.7107696533203,400.28082275390625,89.31256103515625
2024-02-07,187.8198699951172,408.7308044433594,88.8803482055664
2024-02-08,186.73899841308594,408.7900695800781,88.363525390625
2024-02-09,187.50350952148438,415.1473388671875,88.18499755859375
2024-02-12,185.8156280517578,409.92529296875,88.28836059570312
2024-02-13,183.72067260742188,401.1001281738281,86.77554321289062
2024-02-14,182.83700561523438,404.9769287109375,87.21717834472656
2024-02-15,182.54908752441406,402.0791931152344,87.6681900024414
2024-02-16,181.0101318359375,399.60675048828125,87.16081237792969
2024-02-20,180.26548767089844,398.3507995605469,87.23594665527344
2024-02-21,181.0200653076172,397.7474670410156,86.61580657958984
2024-02-22,183.05545043945312,407.1131591796875,87.03863525390625
2024-02-23,181.21864318847656,405.8175354003906,88.20378875732422
2024-02-26,179.8683319091797,403.04840087890625,87.9406967163086
2024-02-27,181.32786560058594,402.9891052246094,87.32054138183594
2024-02-28,180.12649536132812,403.2264709472656,87.87490844726562
2024-02-29,179.46127319335938,409.0812072753906,88.49507141113281
2024-03-01,178.3790283203125,410.9206848144531,89.04649353027344
2024-03-04,173.8515625,410.3470764160156,88.68830871582031
2024-03-05,168.9070281982422,398.2123107910156,89.95138549804688
2024-03-06,167.91416931152344,397.6584777832031,90.4792251586914
2024-03-07,167.7950439453125,404.6307678222656,90.39439392089844
2024-03-08,169.51268005371094,401.74298095703125,90.2341537475586
2024-03-11,171.518310546875,400.06170654296875,90.18702697753906
2024-03-12,171.994873046875,410.7031555175781,89.43294525146484
2024-03-13,169.9098663330078,410.525146484375,88.99935913085938
2024-03-14,171.7665252685547,420.5335998535156,87.63260650634766
2024-03-15,171.38922119140625,411.8305358886719,87.60433197021484
2024-03-18,172.48138427734375,412.72064208984375,87.34041595458984
2024-03-19,174.82456970214844,416.76556396484375,87.58549499511719
2024-03-20,177.39610290527344,420.54345703125,87.55721282958984
2024-03-21,170.14813232421875,424.6378479003906,87.7457275390625
2024-03-22,171.05165100097656,424.0147705078125,88.58462524414062
2024-03-25,169.63185119628906,418.1995849609375,88.14160919189453
2024-03-26,168.49998474121094,417.00286865234375,88.38668823242188
2024-03-27,172.07431030273438,416.7853088378906,89.2632827758789
2024-03-28,170.25735473632812,416.0831604003906,89.18788146972656
2024-04-01,168.8177032470703,419.8907470703125,87.52532196044922
2024-04-02,167.63619995117188,416.7952880859375,87.04302215576172
2024-04-03,168.44039916992188,415.816162109375,87.02409362792969
2024-04-04,167.61631774902344,413.27447509765625,87.64826202392578
2024-04-05,168.3708953857422,420.8302307128906,86.42829895019531
2024-04-08,167.24896240234375,419.9105224609375,86.4188461303711
2024-04-09,168.46026611328125,421.5819091796875,87.22269439697266
2024-04-10,166.583740234375,418.59515380859375,85.32181549072266
2024-04-11,173.79197692871094,423.2137145996094,84.93408203125
2024-04-12,175.2912139892578,417.2501525878906,85.3880386352539
2024-04-15,171.458740234375,409.0812072753906,84.06403350830078
2024-04-16,168.17233276367188,410.01080322265625,83.5060806274414
2024-04-17,166.80215454101562,407.301025390625,84.43284606933594
2024-04-18,165.8489990234375,399.814453125,84.00729370117188
2024-04-19,163.8235626220703,394.7212219238281,84.3099136352539
2024-04-22,164.65757751464844,396.5409851074219,84.16804504394531
2024-04-23,165.7100067138672,403.0780944824219,84.19642639160156
2024-04-24,167.81491088867188,404.5516662597656,83.60064697265625
2024-04-25,168.6787109375,394.6421203613281,83.0143051147461
2024-04-26,168.0928955078125,401.84185791015625,83.4493179321289
2024-04-29,172.26295471191406,397.8167419433594,84.14913940429688
2024-04-30,169.1155548095703,385.0390930175781,83.43041229248047
2024-05-01,168.0928955078125,390.5873107910156,84.04536437988281
2024-05-02,171.79632568359375,393.455322265625,84.40601348876953
2024-05-03,182.07249450683594,402.1781005859375,85.26011657714844
2024-05-06,180.41441345214844,408.9822692871094,85.59229278564453
2024-05-07,181.0994873046875,404.8285827636719,86.11425018310547
2024-05-08,181.43707275390625,406.015380859375,85.59229278564453
2024-05-09,183.25404357910156,407.7757263183594,86.00984954833984
2024-05-10,181.9913787841797,410.1690673828125,85.52584075927734
2024-05-13,185.2026824951172,409.1603088378906,85.7441177368164
2024-05-14,186.34605407714844,411.9690246582031,86.2281265258789
2024-05-15,188.62281799316406,419.1718444824219,87.40491485595703
2024-05-16,188.7421112060547,417.1011657714844,87.31949615478516
2024-05-17,188.77191162109375,416.328369140625,86.7311019897461
2024-05-20,189.93516540527344,421.4110107421875,86.4748764038086
2024-05-21,191.23757934570312,425.0767822265625,86.9209213256836
2024-05-22,189.7959747314453,426.54315185546875,87.02530670166016
2024-05-23,185.79922485351562,423.0556335449219,86.46538543701172
2024-05-24,188.88128662109375,426.1864318847656,86.72161102294922
2024-05-28,188.89125061035156,426.34503173828125,85.47840118408203
2024-05-29,189.1894989013672,425.20562744140625,84.44397735595703
2024-05-30,190.1837158203125,410.8395690917969,85.26011657714844
2024-05-31,191.13815307617188,411.2953186035156,85.83902740478516
2024-06-03,192.9078826904297,409.7001647949219,87.22743225097656
2024-06-04,193.2260284423828,412.22662353515625,88.24635314941406
2024-06-05,194.7372283935547,420.09326171875,88.8938980102539
2024-06-06,193.3552703857422,420.5985412597656,88.76058197021484
2024-06-07,195.7513427734375,419.9347839355469,87.1322021484375
2024-06-10,192.0031280517578,423.9176330566406,86.55132293701172
2024-06-11,205.9519805908203,428.6831970214844,87.44644165039062
2024-06-12,211.8377685546875,436.9857482910156,88.103515625
2024-06-13,213.00099182128906,437.5010070800781,89.3985824584961
2024-06-14,211.26112365722656,438.4818420410156,90.15087890625
2024-06-17,215.4169464111328,444.228271484375,89.2557601928711
2024-06-18,213.0507049560547,442.2170104980469,90.07469940185547
2024-06-20,208.46734619140625,441.5829162597656,89.47477722167969
2024-06-21,206.2900390625,445.625244140625,89.47477722167969
2024-06-24,206.93626403808594,443.53472900390625,89.83661651611328
2024-06-25,207.86090087890625,446.784423828125,89.9889907836914
2024-06-26,212.01670837402344,447.9832458496094,88.70345306396484
2024-06-27,212.86180114746094,448.6668701171875,89.05577850341797
2024-06-28,209.40191650390625,442.82135009765625,87.3988265991211
2024-07-01,215.49649047851562,452.5110168457031,85.89043426513672
2024-07-02,218.99612426757812,455.0374755859375,86.55914306640625
2024-07-03,220.26870727539062,456.513671875,87.69593048095703
2024-07-05,225.031005859375,463.2409362792969,88.42194366455078
2024-07-08,226.50247192382812,461.93316650390625,88.61300659179688
2024-07-09,227.3574676513672,455.2950439453125,88.22134399414062
2024-07-10,231.63259887695312,461.9430847167969,88.4983901977539
2024-07-11,226.25392150878906,450.4997863769531,89.35813903808594
2024-07-12,229.20672607421875,449.3603820800781,89.74024963378906
2024-07-15,233.04440307617188,449.7666320800781,88.70854187011719
2024-07-16,233.46197509765625,445.3676452636719,89.95997619628906
2024-07-17,227.55633544921875,439.42303466796875,89.97907257080078
2024-07-18,222.8834991455078,436.3021240234375,89.291259765625
2024-07-19,223.01275634765625,433.072265625,88.76585388183594
2024-07-22,222.664794921875,438.8484191894531,88.50794219970703
2024-07-23,223.70870971679688,440.74078369140625,88.38374328613281
2024-07-24,217.276123046875,424.9381408691406,87.4284439086914
2024-07-25,216.23220825195312,414.5350341796875,88.1449203491211
2024-07-26,216.69949340820312,421.34161376953125,88.83271789550781
2024-07-29,216.97787475585938,422.78814697265625,89.31037902832031
2024-07-30,217.5346221923828,419.0133361816406,89.65428924560547
2024-07-31,220.795654296875,414.4855651855469,90.57136535644531
2024-08-01,217.09716796875,413.2569580078125,91.35252380371094
2024-08-02,218.5885009765625,404.7166442871094,94.19918060302734
2024-08-05,208.05975341796875,391.4998779296875,94.69762420654297
2024-08-06,206.0315399169922,395.9186706542969,92.57937622070312
2024-08-07,208.6065673828125,394.74957275390625,91.9276123046875
2024-08-08,212.0763702392578,398.97021484375,91.36209869384766
2024-08-09,214.98944091796875,402.2694396972656,92.26306915283203
2024-08-12,216.52230834960938,403.0521240234375,92.59854888916016
2024-08-13,220.24496459960938,410.1856689453125,93.24073028564453
2024-08-14,220.69290161132812,413.00933837890625,93.82539367675781
2024-08-15,223.6790008544922,417.89263916015625,93.06819152832031
2024-08-16,225.00283813476562,415.35174560546875,93.39408111572266
2024-08-19,224.84356689453125,418.388916015625,93.82539367675781
2024-08-20,225.460693359375,421.6345520019531,94.57300567626953
2024-08-21,225.35121154785156,420.9794921875,94.63052368164062
2024-08-22,223.4898681640625,412.4534912109375,93.69121551513672
2024-08-23,225.78916931152344,413.6842346191406,94.30462646484375
2024-08-26,226.12759399414062,410.4088439941406,94.06501007080078
2024-08-27,226.97366333007812,410.7562255859375,93.90206909179688
2024-08-28,225.44078063964844,407.5404052734375,93.78705596923828
2024-08-29,228.72549438476562,410.0415954589844,93.48035430908203
2024-08-30,227.93917846679688,414.0316467285156,92.48352813720703
2024-09-03,221.738037109375,406.3890380859375,93.99612426757812
2024-09-04,219.82691955566406,405.8530578613281,95.20772552490234
2024-09-05,221.34983825683594,405.3468322753906,95.74622344970703
2024-09-06,219.7970733642578,398.7066955566406,95.73661041259766
2024-09-09,219.8866424560547,402.6967468261719,96.15010070800781
2024-09-10,219.09034729003906,411.11358642578125,96.82321166992188
2024-09-11,221.62852478027344,419.8876953125,96.74628448486328
2024-09-12,221.738037109375,423.81817626953125,96.29434204101562
2024-09-13,221.4692840576172,427.38140869140625,96.5539779663086
2024-09-16,215.3179168701172,428.1258544921875,97.43863677978516
2024-09-17,215.7857208251953,431.9074401855469,96.96745300292969
2024-09-18,219.66766357421875,427.5997619628906,95.76545715332031
2024-09-19,227.80975341796875,435.4210510253906,95.4481430053711
2024-09-20,227.1428680419922,432.0265197753906,95.08271789550781
2024-09-23,225.42088317871094,430.2796630859375,94.88078308105469
2024-09-24,226.31671142578125,425.9720153808594,94.86155700683594
2024-09-25,225.32135009765625,428.8900451660156,94.07305908203125
2024-09-26,226.46600341796875,428.0960388183594,94.2942123413086
2024-09-27,226.73475646972656,424.83056640625,94.78463745117188
2024-09-30,231.920654296875,427.09356689453125,94.33265686035156
2024-10-01,225.162109375,417.5552062988281,95.01376342773438
2024-10-02,225.72946166992188,414.021728515625,94.21305084228516
2024-10-03,224.6245880126953,413.4361267089844,93.32553100585938
2024-10-04,225.74935913085938,412.9596862792969,92.17752838134766
2024-10-07,220.66302490234375,406.48828125,91.48294830322266
2024-10-08,224.72412109375,411.6197509765625,91.63729858398438
2024-10-09,228.47666931152344,414.3492736816406,91.1163558959961
2024-10-10,227.97897338867188,412.7413024902344,90.75941467285156
2024-10-11,226.49588012695312,413.2177429199219,90.392822265625
2024-10-14,230.228515625,416.0167541503906,90.4603500366211
2024-10-15,232.76670837402344,415.6197204589844,91.56011962890625
2024-10-16,230.70626831054688,413.01922607421875,91.94599914550781
2024-10-17,231.07456970214844,413.6147766113281,90.48929595947266
2024-10-18,233.91136169433594,415.0440673828125,90.55682373046875
2024-10-21,235.384521484375,415.659423828125,88.97470092773438
2024-10-22,234.76739501953125,424.3243713378906,89.0615234375
2024-10-23,229.69100952148438,421.4360656738281,88.82035064697266
2024-10-24,229.50189208984375,421.56512451171875,89.38953399658203
2024-10-25,230.3380126953125,424.9596252441406,88.88789367675781
2024-10-28,232.3187713623047,423.4112243652344,88.64669036865234
2024-10-29,232.5875244140625,428.7313232421875,88.78176879882812
2024-10-30,229.03407287597656,429.3069763183594,89.042236328125
2024-10-31,224.8634796142578,403.322021484375,89.18694305419922
2024-11-01,221.8773956298828,407.3121032714844,87.9295654296875
2024-11-04,220.98153686523438,405.41632080078125,89.29438781738281
2024-11-05,222.4148712158203,408.39398193359375,89.76868438720703
2024-11-06,221.68826293945312,417.0489807128906,87.31006622314453
2024-11-07,226.4261932373047,422.2598571777344,88.40386962890625
2024-11-08,226.15716552734375,419.39141845703125,89.52668762207031
2024-11-11,223.4368133544922,414.89520263671875,89.09112548828125
2024-11-12,223.4368133544922,419.87774658203125,87.75533294677734
2024-11-13,224.3236541748047,422.0316162109375,86.92289733886719
2024-11-14,227.41270446777344,423.7090148925781,87.42622375488281
2024-11-15,224.2041015625,411.9075927734375,87.19391632080078
2024-11-18,227.2134246826172,412.6619567871094,87.34880065917969
2024-11-19,227.4724884033203,414.67681884765625,87.7940444946289
2024-11-20,228.18994140625,412.3939208984375,87.51334381103516
2024-11-21,227.71165466308594,410.61370849609375,87.44557189941406
2024-11-22,229.05686950683594,414.72113037109375,87.49398040771484
2024-11-25,232.04624938964844,416.5013732910156,89.7590103149414
2024-11-26,234.22850036621094,425.6510925292969,89.4105453491211
2024-11-27,234.0989532470703,420.6784362792969,90.03004455566406
2024-11-29,236.490478515625,421.1458435058594,90.95928192138672
2024-12-02,238.7424774169922,428.6247863769531,91.1778335571289
2024-12-03,241.79165649414062,428.84356689453125,90.39104461669922
2024-12-04,242.15037536621094,435.0295715332031,91.36238861083984
2024-12-05,242.18028259277344,440.2011413574219,91.54692840576172
2024-12-06,241.98098754882812,441.1459655761719,91.68290710449219
2024-12-09,245.8771514892578,443.5825500488281,90.8378677368164
2024-12-10,246.8935546875,440.9072570800781,90.4104995727539
2024-12-11,245.6180877685547,446.5363464355469,89.55572509765625
2024-12-12,247.0828857421875,447.10321044921875,88.46784973144531
2024-12-13,247.25228881835938,444.8257141113281,87.56452941894531
2024-12-16,250.15196228027344,449.1221008300781,87.82677459716797
2024-12-17,252.58334350585938,451.9764099121094,88.04045867919922
2024-12-18,247.1725616455078,434.999755859375,86.93959045410156
2024-12-19,248.90638732910156,434.6416931152344,85.6231918334961
2024-12-20,253.5897674560547,434.2140808105469,86.1107406616211
2024-12-23,254.3670196533203,432.8714294433594,85.32091522216797
2024-12-24,257.2866516113281,436.9291076660156,85.68170928955078
2024-12-26,258.1037292480469,435.7157897949219,85.63294219970703
2024-12-27,254.6858673095703,428.1772155761719,84.9308853149414
2024-12-30,251.307861328125,422.50836181640625,85.61345672607422
2024-12-31,249.5341796875,419.1965637207031,85.15515899658203
