Date,AAPL,TLT,MSFT
2020-01-02,72.53849792480469,117.57862854003906,152.79112243652344
2020-01-03,71.83329010009766,119.38944244384766,150.88858032226562
2020-01-06,72.4056625366211,118.7114486694336,151.27859497070312
2020-01-07,72.06515502929688,118.12788391113281,149.89930725097656
2020-01-08,73.22442626953125,117.34700775146484,152.28695678710938
2020-01-09,74.77974700927734,117.75887298583984,154.18948364257812
2020-01-10,74.94882202148438,118.80585479736328,153.4759979248047
2020-01-13,76.550048828125,118.44539642333984,155.3214569091797
2020-01-14,75.5163803100586,119.0546646118164,154.22752380371094
2020-01-15,75.1927490234375,119.84417724609375,155.22633361816406
2020-01-16,76.13465118408203,119.46666717529297,158.0706024169922
2020-01-17,76.97752380371094,118.44539642333984,158.95530700683594
2020-01-21,76.45585632324219,119.68974304199219,158.384521484375
2020-01-22,76.728759765625,120.11026000976562,157.6234893798828
2020-01-23,77.0982894897461,120.9512939453125,158.5937957763672
2020-01-24,76.87609100341797,121.9295883178711,156.99566650390625
2020-01-27,74.61553955078125,123.8261489868164,154.3702392578125
2020-01-28,76.72636413574219,122.8564224243164,157.39520263671875
2020-01-29,78.33240509033203,124.05785369873047,159.8494415283203
2020-01-30,78.21891021728516,124.07503509521484,164.3583984375
2020-01-31,74.75076293945312,125.20777130126953,161.9327392578125
2020-02-03,74.54550170898438,125.10636138916016,165.88043212890625
2020-02-04,77.00650787353516,123.42156219482422,171.34068298339844
2020-02-05,77.63444519042969,122.07197570800781,171.13140869140625
2020-02-06,78.54252624511719,122.62213134765625,174.67958068847656
2020-02-07,77.47492980957031,124.1522445678711,174.9269256591797
2020-02-10,77.8428955078125,124.49605560302734,179.50250244140625
2020-02-11,77.37322235107422,123.86858367919922,175.45010375976562
2020-02-12,79.21067810058594,123.24111938476562,175.70692443847656
2020-02-13,78.64661407470703,123.71388244628906,174.7556610107422
2020-02-14,78.6659927368164,124.25540161132812,176.31573486328125
2020-02-18,77.22557067871094,125.10636138916016,178.1041259765625
2020-02-19,78.3440170288086,125.0978012084961,178.6382293701172
2020-02-20,77.54029846191406,126.07774353027344,175.9102325439453
2020-02-21,75.78516387939453,127.25537872314453,170.34927368164062
2020-02-24,72.18534088134766,129.15512084960938,163.00457763671875
2020-02-25,69.7402572631836,129.84280395507812,160.31468200683594
2020-02-26,70.84658813476562,129.15512084960938,162.31776428222656
2020-02-27,66.21548461914062,130.5562744140625,150.88104248046875
2020-02-28,66.1767349243164,133.5047149658203,154.5343017578125
2020-03-02,72.33783721923828,132.52247619628906,164.81689453125
2020-03-03,70.04045104980469,134.5800018310547,156.9189453125
2020-03-04,73.28925323486328,133.15086364746094,162.68028259277344
2020-03-05,70.91195678710938,136.4652557373047,158.59774780273438
2020-03-06,69.97025299072266,143.5674591064453,154.11465454101562
2020-03-09,64.4361572265625,147.4586639404297,143.66989135742188
2020-03-10,69.07695770263672,139.9001007080078,153.49461364746094
2020-03-11,66.6778793334961,134.7521209716797,146.54100036621094
2020-03-12,60.09311294555664,135.587158203125,132.643310546875
2020-03-13,67.29277038574219,132.52247619628906,151.5010528564453
2020-03-16,58.635765075683594,141.10533142089844,129.17124938964844
2020-03-17,61.2139778137207,131.69598388671875,139.8067626953125
2020-03-18,59.7154655456543,124.26665496826172,133.9214630126953
2020-03-19,59.25791549682617,127.64994049072266,136.12486267089844
2020-03-20,55.49590301513672,137.24862670898438,131.01222229003906
2020-03-23,54.31694030761719,142.90444946289062,129.70541381835938
2020-03-24,59.766300201416016,140.24444580078125,141.4950714111328
2020-03-25,59.43706512451172,139.926025390625,140.14060974121094
2020-03-26,62.5648193359375,140.61463928222656,148.9065704345703
2020-03-27,59.974491119384766,144.36801147460938,142.7923583984375
2020-03-30,61.68605041503906,143.18006896972656,152.83642578125
2020-03-31,61.56016159057617,142.01785278320312,150.43275451660156
2020-04-01,58.32105255126953,144.007568359375,145.09115600585938
2020-04-02,59.294227600097656,144.9214324951172,148.09579467773438
2020-04-03,58.44209289550781,145.26629638671875,146.7318115234375
2020-04-06,63.54043197631836,144.88699340820312,157.6438751220703
2020-04-07,62.80448532104492,143.3696746826172,155.94602966308594
2020-04-08,64.41193389892578,142.32647705078125,157.5103302001953
2020-04-09,64.87675476074219,142.5851287841797,157.51991271972656
2020-04-13,66.15013885498047,141.28341674804688,157.87278747558594
2020-04-14,69.49090576171875,141.24887084960938,165.68490600585938
2020-04-15,68.85664367675781,144.9904327392578,163.94886779785156
2020-04-16,69.40377807617188,146.63705444335938,168.87078857421875
2020-04-17,68.46204376220703,144.67149353027344,170.35879516601562
2020-04-20,67.0409927368164,145.8353271484375,166.98214721679688
2020-04-21,64.96875762939453,147.6717071533203,160.07620239257812
2020-04-22,66.84008026123047,146.16287231445312,165.51318359375
2020-04-23,66.5810317993164,146.9387969970703,163.51011657714844
2020-04-24,68.5031967163086,147.28370666503906,166.4956817626953
2020-04-27,68.5516357421875,144.54214477539062,166.0187530517578
2020-04-28,67.44044494628906,146.2060089111328,161.97439575195312
2020-04-29,69.65554809570312,145.4473876953125,169.24278259277344
2020-04-30,71.125,143.74899291992188,170.94065856933594
2020-05-01,69.97993469238281,144.97994995117188,166.51473999023438
2020-05-04,70.97007751464844,144.29803466796875,170.58773803710938
2020-05-05,72.03524017333984,143.37432861328125,172.4191131591797
2020-05-06,72.7784423828125,141.06080627441406,174.11697387695312
2020-05-07,73.53134155273438,143.41751098632812,175.12806701660156
2020-05-08,75.281494140625,141.55287170410156,176.1582489013672
2020-05-11,76.4660873413086,140.44796752929688,178.12318420410156
2020-05-12,75.59221649169922,141.88955688476562,174.08834838867188
2020-05-13,74.67951202392578,142.88230895996094,171.45574951171875
2020-05-14,75.1383056640625,144.28076171875,172.19972229003906
2020-05-15,74.69406127929688,143.9095916748047,174.70840454101562
2020-05-18,76.45394897460938,140.75015258789062,176.37762451171875
2020-05-19,76.01216125488281,141.27670288085938,175.1566925048828
2020-05-20,77.4904556274414,141.69964599609375,177.58624267578125
2020-05-21,76.91275024414062,142.05360412597656,175.4532012939453
2020-05-22,77.40794372558594,142.90814208984375,175.5297393798828
2020-05-26,76.88360595703125,140.99185180664062,173.67408752441406
2020-05-27,77.21859741210938,140.73291015625,173.9036865234375
2020-05-28,77.25257110595703,140.2149200439453,173.51148986816406
2020-05-29,77.17731475830078,141.21620178222656,175.2810516357422
2020-06-01,78.12643432617188,140.26553344726562,174.8793182373047
2020-06-02,78.4881362915039,139.75555419921875,176.86888122558594
2020-06-03,78.92020416259766,137.897216796875,177.29930114746094
2020-06-04,78.24052429199219,135.9005889892578,174.96539306640625
2020-06-05,80.46890258789062,134.93252563476562,179.05926513671875
2020-06-08,80.94468688964844,135.45114135742188,180.16883850097656
2020-06-09,83.5007553100586,136.9895782470703,181.54620361328125
2020-06-10,85.64899444580078,139.02085876464844,188.280029296875
2020-06-11,81.5369644165039,141.64846801757812,178.1697235107422
2020-06-12,82.24090576171875,140.2827911376953,179.57582092285156
2020-06-15,83.25801086425781,140.36053466796875,180.72357177734375
2020-06-16,85.46453094482422,138.20835876464844,185.15225219726562
2020-06-17,85.3455810546875,138.77877807617188,185.7931671142578
2020-06-18,85.37957000732422,140.24822998046875,187.78269958496094
2020-06-19,84.89164733886719,140.36053466796875,186.66354370117188
2020-06-22,87.11274719238281,140.37789916992188,191.8478240966797
2020-06-23,88.97215270996094,139.4184112548828,193.1295928955078
2020-06-24,87.40160369873047,140.9137725830078,189.236572265625
2020-06-25,88.56189727783203,141.3199920654297,191.6278533935547
2020-06-26,85.84076690673828,142.83261108398438,187.792236328125
2020-06-29,87.8191146850586,142.3831329345703,189.8105010986328
2020-06-30,88.55220794677734,141.691650390625,194.66000366210938
2020-07-01,88.38470458984375,141.41648864746094,195.79824829101562
2020-07-02,88.38470458984375,141.56358337402344,197.29042053222656
2020-07-06,90.74903869628906,140.98382568359375,201.53732299804688
2020-07-07,90.46746063232422,142.9654541015625,199.19383239746094
2020-07-08,92.57443237304688,142.39430236816406,203.57470703125
2020-07-09,92.9725341796875,144.6615753173828,204.99993896484375
2020-07-10,93.13516235351562,143.93467712402344,204.37820434570312
2020-07-13,92.70550537109375,144.41061401367188,198.065185546875
2020-07-14,94.2396469116211,144.61830139160156,199.2895050048828
2020-07-15,94.88776397705078,143.94326782226562,198.9929962158203
2020-07-16,93.72016906738281,144.6269073486328,195.0521697998047
2020-07-17,93.53084564208984,144.32412719726562,194.05738830566406
2020-07-20,95.50189971923828,144.6789093017578,202.39820861816406
2020-07-21,94.18382263183594,144.76535034179688,199.67214965820312
2020-07-22,94.44840240478516,145.19810485839844,202.54165649414062
2020-07-23,90.14942932128906,146.89414978027344,193.73216247558594
2020-07-24,89.92611694335938,146.8855438232422,192.54611206054688
2020-07-27,92.05736541748047,146.34034729003906,194.9851837158203
2020-07-28,90.54511260986328,147.35281372070312,193.23483276367188
2020-07-29,92.28070831298828,147.1018829345703,195.1860809326172
2020-07-30,93.39733123779297,148.07102966308594,195.03302001953125
2020-07-31,103.17496490478516,147.97581481933594,196.0947723388672
2020-08-03,105.77471923828125,147.2308349609375,207.12338256835938
2020-08-04,106.48110961914062,148.63430786132812,204.01466369628906
2020-08-05,106.8670883178711,147.3347930908203,203.67990112304688
2020-08-06,110.59559631347656,148.15782165527344,206.94166564941406
2020-08-07,108.08109283447266,147.1702117919922,203.23989868164062
2020-08-10,109.65205383300781,146.51181030273438,199.19383239746094
2020-08-11,106.3910140991211,144.77052307128906,194.53565979003906
2020-08-12,109.92684173583984,143.45362854003906,200.093017578125
2020-08-13,111.87227630615234,141.92034912109375,199.6243133544922
2020-08-14,111.77259063720703,141.3658905029297,199.81558227539062
2020-08-17,111.48074340820312,141.72103881835938,201.1355743408203
2020-08-18,112.40970611572266,142.734619140625,202.29298400878906
2020-08-19,112.55073547363281,141.8423614501953,201.06568908691406
2020-08-20,115.04820251464844,143.12449645996094,205.7447509765625
2020-08-21,120.9769287109375,143.98216247558594,204.24900817871094
2020-08-24,122.4238052368164,143.74822998046875,204.8914031982422
2020-08-25,121.41950225830078,142.64804077148438,207.5569610595703
2020-08-26,123.0706787109375,142.1022186279297,212.04421997070312
2020-08-27,121.59945678710938,139.68521118164062,217.2506561279297
2020-08-28,121.40245819091797,139.58126831054688,219.48471069335938
2020-08-31,125.51949310302734,140.50820922851562,216.243896484375
2020-09-01,130.51925659179688,142.11529541015625,217.91226196289062
2020-09-02,127.8150863647461,143.46829223632812,222.1119384765625
2020-09-03,117.58212280273438,143.87588500976562,208.35276794433594
2020-09-04,117.65995025634766,141.14393615722656,205.42832946777344
2020-09-08,109.74201965332031,142.01124572753906,194.31553649902344
2020-09-09,114.11924743652344,141.6296844482422,202.59022521972656
2020-09-10,110.39373779296875,142.34942626953125,196.9139404296875
2020-09-11,108.94438171386719,142.653076171875,195.629150390625
2020-09-14,112.21272277832031,142.6444091796875,196.9523162841797
2020-09-15,112.3878173828125,142.29737854003906,200.18357849121094
2020-09-16,109.07085418701172,141.87249755859375,196.607177734375
2020-09-17,107.32967376708984,142.30616760253906,194.5552215576172
2020-09-18,103.92516326904297,141.8638153076172,192.13900756835938
2020-09-21,107.0767822265625,142.58360290527344,194.20046997070312
2020-09-22,108.75956726074219,142.47088623046875,198.87957763671875
2020-09-23,104.1975326538086,142.6616973876953,192.33078002929688
2020-09-24,105.26753234863281,143.20814514160156,194.82373046875
2020-09-25,109.21675109863281,143.20814514160156,199.2631378173828
2020-09-28,111.82363891601562,142.80047607421875,200.8164520263672
2020-09-29,110.97735595703125,142.9652557373047,198.72613525390625
2020-09-30,112.65044403076172,141.59486389160156,201.66973876953125
2020-10-01,113.60370635986328,141.82846069335938,203.71205139160156
2020-10-02,109.93656921386719,141.2988739013672,197.70021057128906
2020-10-05,113.32162475585938,138.5380096435547,201.71766662597656
2020-10-06,110.07275390625,139.2846221923828,197.43177795410156
2020-10-07,111.94035339355469,138.2688446044922,201.19033813476562
2020-10-08,111.83335876464844,139.01548767089844,201.9094696044922
2020-10-09,113.77880859375,138.9894561767578,206.92410278320312
2020-10-12,121.00609588623047,139.43223571777344,212.283935546875
2020-10-13,117.7961196899414,140.43067932128906,213.68382263183594
2020-10-14,117.8836669921875,140.75189208984375,211.7661590576172
2020-10-15,117.41675567626953,140.50881958007812,210.61563110351562
2020-10-16,115.77285766601562,140.11813354492188,210.61563110351562
2020-10-19,112.81581115722656,139.58848571777344,205.39959716796875
2020-10-20,114.3040771484375,138.26016235351562,205.81187438964844
2020-10-21,113.6815414428711,137.7826690673828,205.9556884765625
2020-10-22,112.59209442138672,136.35015869140625,206.0419921875
2020-10-23,111.90144348144531,137.18359375,207.3268280029297
2020-10-26,111.9111557006836,138.4598846435547,201.4300537109375
2020-10-27,113.41888427734375,139.38885498046875,204.46954345703125
2020-10-28,108.16622924804688,139.51904296875,194.33474731445312
2020-10-29,112.17382049560547,138.1646728515625,196.29074096679688
2020-10-30,105.89006042480469,136.80160522460938,194.13340759277344
2020-11-02,105.80252075195312,137.82635498046875,193.99913024902344
2020-11-03,107.42694854736328,137.0267791748047,197.93031311035156
2020-11-04,111.81389617919922,139.99913024902344,207.48020935058594
2020-11-05,115.78258514404297,140.24252319335938,214.09609985351562
2020-11-06,115.65106964111328,138.54766845703125,214.5084228515625
2020-11-09,113.34174346923828,135.63612365722656,209.39788818359375
2020-11-10,113.00069427490234,134.8539276123047,202.32171630859375
2020-11-11,116.43055725097656,135.34063720703125,207.63363647460938
2020-11-12,116.15772247314453,137.64382934570312,206.56932067871094
2020-11-13,116.20648193359375,137.4613800048828,207.59527587890625
2020-11-16,117.21983337402344,137.1310272216797,208.28561401367188
2020-11-17,116.3331298828125,138.02621459960938,205.62973022460938
2020-11-18,115.00794982910156,138.4259796142578,202.91873168945312
2020-11-19,115.60234832763672,139.13865661621094,204.20697021484375
2020-11-20,114.33561706542969,140.37289428710938,202.25538635253906
2020-11-23,110.93498229980469,139.72972106933594,201.98626708984375
2020-11-24,112.22117614746094,138.33912658691406,205.59124755859375
2020-11-25,113.05916595458984,137.91322326660156,205.60086059570312
2020-11-27,113.60482788085938,139.25167846679688,206.9082794189453
2020-11-30,116.00183868408203,139.07785034179688,205.7931365966797
2020-12-01,119.57786560058594,137.02725219726562,207.85037231445312
2020-12-02,119.92866516113281,135.93975830078125,207.0428924560547
2020-12-03,119.79224395751953,137.03587341308594,205.95655822753906
2020-12-04,119.11991119384766,135.0261688232422,206.0719451904297
2020-12-07,120.58149719238281,136.2442626953125,206.0045928955078
2020-12-08,121.19536590576172,136.8880157470703,207.65809631347656
2020-12-09,118.66193389892578,136.4356231689453,203.61090087890625
2020-12-10,120.08454132080078,137.64495849609375,202.38038635253906
2020-12-11,119.27582550048828,138.13218688964844,205.0144500732422
2020-12-14,118.66193389892578,137.7493438720703,205.91810607910156
2020-12-15,124.60575103759766,137.28823852539062,205.85079956054688
2020-12-16,124.53755187988281,136.92283630371094,210.80169677734375
2020-12-17,125.40475463867188,136.56056213378906,210.93626403808594
2020-12-18,123.41697692871094,136.15121459960938,210.1383819580078
2020-12-21,124.94678497314453,136.69117736816406,213.98370361328125
2020-12-22,128.50332641601562,137.3966522216797,215.28147888183594
2020-12-23,127.60687255859375,136.4473419189453,212.4744110107422
2020-12-24,128.5910186767578,136.98721313476562,214.13754272460938
2020-12-28,133.19015502929688,137.0482635498047,216.26211547851562
2020-12-29,131.41677856445312,136.8740997314453,215.48336791992188
2020-12-30,130.29620361328125,137.1702117919922,213.10887145996094
2020-12-31,129.2926025390625,137.37049865722656,213.82029724121094
2021-01-04,126.09657287597656,137.20497131347656,209.27316284179688
2021-01-05,127.65562438964844,136.1860809326172,209.4750518798828
2021-01-06,123.35853576660156,133.39036560058594,204.0435028076172
2021-01-07,127.56790161132812,132.21463012695312,209.8499755859375
2021-01-08,128.6690216064453,131.78785705566406,211.12850952148438
2021-01-11,125.67760467529297,131.5701904296875,209.08091735839844
2021-01-12,125.50218200683594,131.46566772460938,206.61985778808594
2021-01-13,127.53871154785156,132.9461669921875,207.975341796875
2021-01-14,125.6093978881836,131.7007598876953,204.78372192382812
2021-01-15,123.88470458984375,132.22332763671875,204.42803955078125
2021-01-19,124.55702209472656,132.65013122558594,208.07144165039062
2021-01-20,128.64950561523438,132.78079223632812,215.66603088378906
2021-01-21,133.36558532714844,131.8488311767578,216.27169799804688
2021-01-22,135.50927734375,132.2755889892578,217.2138214111328
2021-01-25,139.26063537597656,133.83448791503906,220.6553497314453
2021-01-26,139.49453735351562,133.5819549560547,223.3471221923828
2021-01-27,138.42266845703125,133.9216766357422,223.8950653076172
2021-01-28,133.57994079589844,133.1813507080078,229.69192504882812
2021-01-29,128.58131408691406,132.38014221191406,222.99143981933594
2021-02-01,130.70545959472656,132.5336151123047,230.3840789794922
2021-02-02,131.53369140625,131.67906188964844,230.24951171875
2021-02-03,130.51060485839844,130.5106964111328,233.60455322265625
2021-02-04,133.8722381591797,130.16188049316406,232.65286254882812
2021-02-05,133.45751953125,129.072021484375,232.8354949951172
2021-02-08,133.60389709472656,129.6387481689453,233.0950164794922
2021-02-09,132.7256622314453,129.73463439941406,234.34478759765625
2021-02-10,132.12060546875,130.59788513183594,233.4315185546875
2021-02-11,131.86691284179688,129.8829345703125,235.0369415283203
2021-02-12,132.10107421875,128.269775390625,235.5176544189453
2021-02-16,129.97372436523438,126.31665802001953,234.27748107910156
2021-02-17,127.6805191040039,127.11881256103516,235.2988739013672
2021-02-18,126.57778930664062,126.60435485839844,234.90380859375
2021-02-19,126.73390197753906,124.92163848876953,232.18658447265625
2021-02-22,122.95735168457031,123.97116088867188,225.96206665039062
2021-02-23,122.82073211669922,123.61383056640625,224.7672576904297
2021-02-24,122.32305145263672,122.8027572631836,226.00059509277344
2021-02-25,118.06832885742188,120.79739379882812,220.6432342529297
2021-02-26,118.33182525634766,124.79080200195312,223.9097137451172
2021-03-01,124.70413970947266,123.14260864257812,228.303466796875
2021-03-02,122.09860229492188,123.15135955810547,225.34539794921875
2021-03-03,119.11248779296875,121.8156967163086,219.26539611816406
2021-03-04,117.2291030883789,121.03002166748047,218.4656524658203
2021-03-05,118.48796844482422,121.2657470703125,223.15811157226562
2021-03-08,113.55013275146484,120.32292175292969,219.1015625
2021-03-09,118.16592407226562,121.99030303955078,225.25868225097656
2021-03-10,117.08272552490234,122.23471069335938,223.94825744628906
2021-03-11,119.0149154663086,121.35302734375,228.486572265625
2021-03-12,118.10737609863281,118.77774047851562,227.15682983398438
2021-03-15,120.99589538574219,119.4760971069336,226.25111389160156
2021-03-16,122.53775024414062,118.99594116210938,229.04542541503906
2021-03-17,121.74729919433594,118.10554504394531,228.3998565673828
2021-03-18,117.61942291259766,116.90959930419922,222.3102264404297
2021-03-19,117.09248352050781,117.6341552734375,221.95370483398438
2021-03-22,120.41036987304688,118.95232391357422,227.38812255859375
2021-03-23,119.5809097290039,120.02610778808594,228.92010498046875
2021-03-24,117.19007110595703,120.67208862304688,226.87742614746094
2021-03-25,117.67799377441406,119.72054290771484,223.87112426757812
2021-03-26,118.28299713134766,119.30150604248047,227.8602294921875
2021-03-29,118.45868682861328,118.28888702392578,226.66543579101562
2021-03-30,117.00466918945312,118.90868377685547,223.39901733398438
2021-03-31,119.20032501220703,118.24525451660156,227.17616271972656
2021-04-01,120.02980041503906,120.20774841308594,233.5163116455078
2021-04-05,122.85977172851562,119.68326568603516,239.99134826660156
2021-04-06,123.16227722167969,120.4961929321289,238.825439453125
2021-04-07,124.81147766113281,119.65699768066406,240.7910919189453
2021-04-08,127.21207427978516,120.64484405517578,244.01895141601562
2021-04-09,129.7882843017578,120.20774841308594,246.5242156982422
2021-04-12,128.07083129882812,120.15526580810547,246.58201599121094
2021-04-13,131.18374633789062,121.0556869506836,249.06793212890625
2021-04-14,128.8417510986328,120.6710433959961,246.273681640625
2021-04-15,131.25209045410156,122.69038391113281,250.04112243652344
2021-04-16,130.9203338623047,121.73755645751953,251.2359619140625
2021-04-19,131.58383178710938,121.3879165649414,249.30889892578125
2021-04-20,129.8956756591797,121.94738006591797,248.84637451171875
2021-04-21,130.27626037597656,122.19212341308594,251.08177185058594
2021-04-22,128.7539520263672,122.72537231445312,247.79608154296875
2021-04-23,131.0764617919922,122.43685913085938,251.6309814453125
2021-04-26,131.46678161621094,122.26206970214844,252.01646423339844
2021-04-27,131.14474487304688,121.19556427001953,252.4210968017578
2021-04-28,130.35427856445312,121.27420806884766,245.28118896484375
2021-04-29,130.2567138671875,120.91582489013672,243.30596923828125
2021-04-30,128.28550720214844,121.19556427001953,242.98797607421875
2021-05-03,129.3394317626953,121.26824951171875,242.6796417236328
2021-05-04,124.7626724243164,122.0911636352539,238.7579803466797
2021-05-05,125.00665283203125,122.29254150390625,237.4861297607422
2021-05-06,126.60704803466797,122.49385833740234,240.62730407714844
2021-05-07,127.2815170288086,121.8897933959961,243.2577667236328
2021-05-10,123.99708557128906,120.65535736083984,238.17019653320312
2021-05-11,123.07823944091797,119.97252655029297,237.25482177734375
2021-05-12,120.00885772705078,118.71194458007812,230.28842163085938
2021-05-13,122.15937042236328,118.8957290649414,234.1715087890625
2021-05-14,124.58360290527344,120.00758361816406,239.10487365722656
2021-05-17,123.43013000488281,119.753662109375,236.24310302734375
2021-05-18,122.0420913696289,119.44728088378906,234.2196502685547
2021-05-19,121.88568115234375,119.15837097167969,234.79913330078125
2021-05-20,124.4467544555664,120.13886260986328,238.04412841796875
2021-05-21,122.6090316772461,120.52407836914062,236.77899169921875
2021-05-24,124.241455078125,120.97053527832031,242.19696044921875
2021-05-25,124.04595947265625,122.0911636352539,243.10482788085938
2021-05-26,123.99708557128906,121.88101196289062,242.8826904296875
2021-05-27,122.46238708496094,121.39081573486328,240.77731323242188
2021-05-28,121.80747985839844,121.19817352294922,241.1345977783203
2021-06-01,121.48487854003906,121.17103576660156,238.93267822265625
2021-06-02,122.2473373413086,121.45157623291016,238.8361053466797
2021-06-03,120.76152801513672,120.99562072753906,237.3004913330078
2021-06-04,123.05867767333984,122.65267944335938,242.2066650390625
2021-06-07,123.06846618652344,122.27562713623047,245.12322998046875
2021-06-08,123.88957214355469,123.13483428955078,243.92572021484375
2021-06-09,124.27078247070312,124.22199249267578,244.91082763671875
2021-06-10,123.27371978759766,124.96717834472656,248.43589782714844
2021-06-11,124.48585510253906,124.76556396484375,249.06369018554688
2021-06-14,127.54546356201172,123.80989837646484,250.9951934814453
2021-06-15,126.72432708740234,123.66088104248047,249.5175323486328
2021-06-16,127.2228775024414,123.55570983886719,248.57107543945312
2021-06-17,128.8259735107422,125.40557861328125,251.9706268310547
2021-06-18,127.52588653564453,127.76395416259766,250.55091857910156
2021-06-21,129.32449340820312,125.62471771240234,253.64141845703125
2021-06-22,130.96670532226562,125.93156433105469,256.4228515625
2021-06-23,130.69305419921875,125.6072006225586,256.1910705566406
2021-06-24,130.40956115722656,125.80884552001953,257.56243896484375
2021-06-25,130.11630249023438,124.50257873535156,255.9495849609375
2021-06-28,131.7487030029297,125.78252410888672,259.5229187011719
2021-06-29,133.2638702392578,125.99293518066406,262.11126708984375
2021-06-30,133.87973022460938,126.55402374267578,261.6282958984375
2021-07-01,134.1827850341797,126.56107330322266,262.3044128417969
2021-07-02,136.812255859375,127.32481384277344,268.14727783203125
2021-07-06,138.82589721679688,128.81715393066406,268.1570129394531
2021-07-07,141.3185577392578,129.9583740234375,270.34930419921875
2021-07-08,140.0184783935547,130.46751403808594,267.9252014160156
2021-07-09,141.84646606445312,128.6328125,268.42742919921875
2021-07-12,141.25015258789062,128.4659881591797,267.8286437988281
2021-07-13,142.364501953125,127.48285675048828,271.3633728027344
2021-07-14,145.79550170898438,128.93128967285156,272.8410949707031
2021-07-15,145.14064025878906,130.35340881347656,271.41168212890625
2021-07-16,143.09762573242188,130.107666015625,271.1412353515625
2021-07-19,139.24623107910156,132.96066284179688,267.5292053222656
2021-07-20,142.86302185058594,131.67898559570312,269.76025390625
2021-07-21,142.12989807128906,130.01104736328125,271.76904296875
2021-07-22,143.49842834472656,131.24005126953125,276.3467712402344
2021-07-23,145.2188262939453,130.36219787597656,279.7559814453125
2021-07-26,145.63916015625,129.97598266601562,279.1572265625
2021-07-27,143.4690704345703,131.36300659179688,276.7330322265625
2021-07-28,141.71932983398438,131.37173461914062,276.4240417480469
2021-07-29,142.364501953125,130.64308166503906,276.6944580078125
2021-07-30,142.57955932617188,131.2576141357422,275.158935546875
2021-08-02,142.2471923828125,132.4283905029297,275.0719909667969
2021-08-03,144.04583740234375,132.49871826171875,277.2931823730469
2021-08-04,143.64503479003906,132.77117919921875,276.7040710449219
2021-08-05,143.75253295898438,132.09432983398438,279.6111145019531
2021-08-06,143.06729125976562,129.8882293701172,279.5531921386719
2021-08-09,143.01832580566406,129.4224395751953,278.4617614746094
2021-08-10,142.53863525390625,128.8247528076172,276.6365051269531
2021-08-11,142.79315185546875,128.74566650390625,277.1290588378906
2021-08-12,145.75946044921875,128.53472900390625,279.8912048339844
2021-08-13,145.96505737304688,130.56503295898438,282.8271484375
2021-08-16,147.9425506591797,130.88145446777344,284.5172424316406
2021-08-17,147.0321502685547,130.8286895751953,283.04925537109375
2021-08-18,143.2826690673828,131.26817321777344,281.3172607421875
2021-08-19,143.61550903320312,132.23497009277344,287.1616516113281
2021-08-20,145.0741729736328,132.32284545898438,294.5058898925781
2021-08-23,146.562255859375,132.23497009277344,294.78656005859375
2021-08-24,146.47409057617188,131.2066650390625,292.822265625
2021-08-25,145.24058532714844,130.11676025390625,292.23199462890625
2021-08-26,144.43785095214844,130.4771270751953,289.4066162109375
2021-08-27,145.47552490234375,131.36485290527344,290.0162048339844
2021-08-30,149.9005126953125,131.70761108398438,293.76080322265625
2021-08-31,148.6376495361328,130.81112670898438,292.1062316894531
2021-09-01,149.3033447265625,131.03025817871094,292.0578308105469
2021-09-02,150.41937255859375,131.6022491455078,291.3998107910156
2021-09-03,151.0557403564453,130.40541076660156,291.3901672363281
2021-09-07,153.39549255371094,129.30532836914062,290.4613037109375
2021-09-08,151.8486785888672,130.1853790283203,290.4903259277344
2021-09-09,150.8305206298828,131.76071166992188,287.6261291503906
2021-09-10,145.83778381347656,130.59902954101562,286.1360168457031
2021-09-13,146.4055633544922,131.39111328125,287.37451171875
2021-09-14,145.005615234375,132.9839630126953,290.0838928222656
2021-09-15,145.8965301513672,132.51754760742188,294.95098876953125
2021-09-16,145.6615447998047,131.9102783203125,295.3381042480469
2021-09-17,142.98895263671875,131.27664184570312,290.16131591796875
2021-09-20,139.93453979492188,132.90475463867188,284.7716064453125
2021-09-21,140.41427612304688,132.7903289794922,285.2553405761719
2021-09-22,142.7833709716797,133.58238220214844,288.91302490234375
2021-09-23,143.7427520751953,130.56381225585938,289.861328125
2021-09-24,143.83087158203125,129.28773498535156,289.65814208984375
2021-09-27,142.3135223388672,128.81253051757812,284.6458740234375
2021-09-28,138.9262237548828,126.8060302734375,274.340576171875
2021-09-29,139.82687377929688,127.0260238647461,274.8051452636719
2021-09-30,138.5248565673828,127.00846099853516,272.7924499511719
2021-10-01,139.65065002441406,128.07730102539062,279.7399597167969
2021-10-04,136.2144775390625,127.7512435913086,273.94384765625
2021-10-05,138.14303588867188,126.51759338378906,279.41094970703125
2021-10-06,139.0143280029297,127.23138427734375,283.6201171875
2021-10-07,140.2772216796875,125.90081787109375,285.3038330078125
2021-10-08,139.89537048339844,125.01962280273438,285.3038330078125
2021-10-11,139.80731201171875,124.70240020751953,284.7038879394531
2021-10-12,138.5346221923828,126.83491516113281,283.3976135253906
2021-10-13,137.947265625,128.0684814453125,286.7164611816406
2021-10-14,140.73731994628906,128.54429626464844,292.9480895996094
2021-10-15,141.79457092285156,127.79530334472656,294.3607482910156
2021-10-18,143.46864318847656,128.39453125,297.34112548828125
2021-10-19,145.63218688964844,126.62335968017578,298.2506408691406
2021-10-20,146.12168884277344,125.7685775756836,297.4571838378906
2021-10-21,146.33705139160156,125.61885833740234,300.6987609863281
2021-10-22,145.56369018554688,127.00226593017578,299.1505432128906
2021-10-25,145.5147247314453,126.80839538574219,298.1539306640625
2021-10-26,146.180419921875,127.85704040527344,300.0697326660156
2021-10-27,145.72030639648438,130.1832733154297,312.7069396972656
2021-10-28,149.36209106445312,129.74264526367188,313.8487548828125
2021-10-29,146.6503448486328,130.1392059326172,320.8832702636719
2021-11-01,145.82798767089844,129.20220947265625,318.7060852050781
2021-11-02,146.86573791503906,129.77569580078125,322.344482421875
2021-11-03,148.30477905273438,128.43466186523438,323.1862487792969
2021-11-04,147.78591918945312,129.78456115722656,325.5472412109375
2021-11-05,148.31533813476562,131.72557067871094,325.1796569824219
2021-11-08,147.49179077148438,131.47853088378906,326.0794982910156
2021-11-09,147.85458374023438,133.19017028808594,325.0731506347656
2021-11-10,145.0211944580078,130.75502014160156,320.08984375
2021-11-11,144.97218322753906,130.56094360351562,321.6670837402344
2021-11-12,147.05064392089844,129.98745727539062,325.8182067871094
2021-11-15,147.0604248046875,128.35520935058594,325.18927001953125
2021-11-16,148.0408477783203,128.0287628173828,328.51788330078125
2021-11-17,150.4820556640625,129.0433807373047,328.74090576171875
2021-11-18,154.7761993408203,129.52870178222656,330.8249816894531
2021-11-19,157.40367126464844,130.896240234375,332.6086730957031
2021-11-22,157.86447143554688,129.3610076904297,329.4290771484375
2021-11-23,158.24685668945312,127.49057006835938,327.3449401855469
2021-11-24,158.76644897460938,129.53746032714844,327.5679016113281
2021-11-26,153.7369842529297,132.8107147216797,319.58978271484375
2021-11-29,157.09979248046875,131.7432403564453,326.32708740234375
2021-11-30,162.06060791015625,133.74598693847656,320.471923828125
2021-12-01,161.54100036621094,134.571044921875,319.9775085449219
2021-12-02,160.55078125,134.73886108398438,319.405517578125
2021-12-03,158.66835021972656,136.34661865234375,313.1239318847656
2021-12-06,162.0802001953125,134.473876953125,316.2065734863281
2021-12-07,167.82534790039062,133.38735961914062,324.66943359375
2021-12-08,171.64894104003906,131.081787109375,324.7178649902344
2021-12-09,171.13914489746094,131.8149871826172,322.905029296875
2021-12-10,175.9333038330078,131.4969940185547,332.05621337890625
2021-12-13,172.2960205078125,133.4403839111328,329.0123291015625
2021-12-14,170.9136199951172,133.12232971191406,318.2908020019531
2021-12-15,175.78623962402344,131.84144592285156,324.40765380859375
2021-12-16,168.88418579101562,131.89279174804688,314.9560546875
2021-12-17,167.7861328125,133.3872833251953,313.88970947265625
2021-12-20,166.42340087890625,132.3880157470703,310.1187744140625
2021-12-21,169.5998992919922,131.8839569091797,317.27294921875
2021-12-22,172.19793701171875,132.49415588378906,323.0020446777344
2021-12-23,172.82542419433594,131.34446716308594,324.4463806152344
2021-12-27,176.79608154296875,131.6627655029297,331.9689636230469
2021-12-28,175.77642822265625,131.14108276367188,330.8056640625
2021-12-29,175.8646697998047,129.70840454101562,331.4842529296875
2021-12-30,174.7078399658203,130.79611206054688,328.93475341796875
2021-12-31,174.0901336669922,131.05264282226562,326.0265808105469
2022-01-03,178.443115234375,127.61250305175781,324.5046081542969
2022-01-04,176.1783905029297,127.08187103271484,318.9403076171875
2022-01-05,171.4920654296875,126.39210510253906,306.69683837890625
2022-01-06,168.62928771972656,126.71930694580078,304.2733154296875
2022-01-07,168.7959747314453,125.80844116210938,304.4284973144531
2022-01-10,168.81556701660156,126.11791229248047,304.65142822265625
2022-01-11,171.64894104003906,126.95800018310547,305.3397216796875
2022-01-12,172.09010314941406,126.4716567993164,308.52899169921875
2022-01-13,168.81556701660156,127.59476470947266,295.4712219238281
2022-01-14,169.67835998535156,125.66692352294922,300.7060241699219
2022-01-18,166.472412109375,123.8982162475586,293.3870544433594
2022-01-19,162.97238159179688,124.75602722167969,294.04620361328125
2022-01-20,161.2860565185547,125.52543640136719,292.3691711425781
2022-01-21,159.22723388671875,127.01995849609375,286.9696350097656
2022-01-24,158.4527130126953,125.97639465332031,287.29925537109375
2022-01-25,156.64877319335938,125.77298736572266,279.6604309082031
2022-01-26,156.560546875,124.2519302368164,287.6288757324219
2022-01-27,156.09976196289062,126.53360748291016,290.6630554199219
2022-01-28,166.9920196533203,126.57780456542969,298.8253479003906
2022-01-31,171.35479736328125,125.92334747314453,301.46209716796875
2022-02-01,171.18812561035156,125.50537109375,299.31011962890625
2022-02-02,172.39405822753906,125.930419921875,303.8662109375
2022-02-03,169.5116729736328,124.94747924804688,292.0299072265625
2022-02-04,169.22698974609375,123.10536193847656,296.5763854980469
2022-02-07,168.51036071777344,123.18512725830078,291.73907470703125
2022-02-08,171.62222290039062,122.361572265625,295.23858642578125
2022-02-09,173.0456085205078,122.59178161621094,301.68505859375
2022-02-10,168.9619598388672,120.64350128173828,293.1253662109375
2022-02-11,165.5457763671875,122.43235778808594,286.0099792480469
2022-02-14,165.78140258789062,120.90919494628906,285.9712219238281
2022-02-15,169.61965942382812,119.5364761352539,291.2738037109375
2022-02-16,169.3840789794922,120.24494934082031,290.93377685546875
2022-02-17,165.78140258789062,121.13944244384766,282.4146423339844
2022-02-18,164.2303924560547,122.41468811035156,279.6947326660156
2022-02-22,161.30508422851562,122.73350524902344,279.49072265625
2022-02-23,157.133056640625,121.04203033447266,272.2538757324219
2022-02-24,159.75404357910156,121.1217269897461,286.1642761230469
2022-02-25,161.82534790039062,121.21026611328125,288.8064270019531
2022-02-28,162.0903778076172,123.86705780029297,290.2441101074219
2022-03-01,160.2056121826172,125.2991714477539,286.5139465332031
2022-03-02,163.5039520263672,121.01610565185547,291.6040954589844
2022-03-03,163.17999267578125,122.24867248535156,287.4561462402344
2022-03-04,160.1761474609375,124.35922241210938,281.5694580078125
2022-03-07,156.37718200683594,123.41039276123047,270.9327087402344
2022-03-08,154.55128479003906,122.16893768310547,267.9602966308594
2022-03-09,159.96018981933594,120.97174835205078,280.2484130859375
2022-03-10,155.61151123046875,119.2337417602539,277.421630859375
2022-03-11,151.8909912109375,119.6327896118164,272.0594787597656
2022-03-14,147.8564453125,116.83944702148438,268.5333251953125
2022-03-15,152.24440002441406,116.63548278808594,278.9370422363281
2022-03-16,156.66184997558594,117.77946472167969,285.9699401855469
2022-03-17,157.6729278564453,116.90155792236328,286.7762145996094
2022-03-18,160.97129821777344,118.32923889160156,291.8371887207031
2022-03-21,162.34561157226562,115.58916473388672,290.603515625
2022-03-22,165.7224884033203,114.10822296142578,295.3633728027344
2022-03-23,167.0869903564453,116.6089096069336,290.9240417480469
2022-03-24,170.8761444091797,115.6955337524414,295.40228271484375
2022-03-25,171.51422119140625,114.09051513671875,294.99420166015625
2022-03-28,172.3780975341797,115.06591796875,301.8134765625
2022-03-29,175.6764373779297,115.93497467041016,306.3887634277344
2022-03-30,174.50828552246094,116.83944702148438,304.8830261230469
2022-03-31,171.40626525878906,117.12324523925781,299.4918212890625
2022-04-01,171.1117401123047,117.56908416748047,300.5700988769531
2022-04-04,175.166015625,116.75202178955078,305.9613342285156
2022-04-05,171.84800720214844,114.11431884765625,301.9883117675781
2022-04-06,168.67726135253906,113.19063568115234,290.93377685546875
2022-04-07,168.98158264160156,112.33806610107422,292.75030517578125
2022-04-08,166.9691925048828,111.121337890625,288.4761657714844
2022-04-11,162.7088165283203,109.36286163330078,277.1011047363281
2022-04-12,164.5837860107422,109.21187591552734,273.99261474609375
2022-04-13,167.27349853515625,109.43391418457031,279.39361572265625
2022-04-14,162.25726318359375,107.2402572631836,271.82635498046875
2022-04-18,162.04132080078125,106.70738983154297,272.4966125488281
2022-04-19,164.3285675048828,105.90807342529297,277.13995361328125
2022-04-20,164.16165161132812,108.03958892822266,278.1695861816406
2022-04-21,163.36651611328125,107.2402572631836,272.7783508300781
2022-04-22,158.82147216796875,106.56527709960938,266.1922912597656
2022-04-25,159.89149475097656,107.63101959228516,272.6909484863281
2022-04-26,153.92303466796875,108.71452331542969,262.4912414550781
2022-04-27,153.69725036621094,107.32020568847656,275.119384765625
2022-04-28,160.6375274658203,107.48002624511719,281.3460998535156
2022-04-29,154.75741577148438,106.085693359375,269.5824279785156
2022-05-02,155.06173706054688,104.24681854248047,276.3336181640625
2022-05-03,156.5538330078125,104.94962310791016,273.72064208984375
2022-05-04,162.97386169433594,105.52788543701172,281.68609619140625
2022-05-05,153.89358520507812,102.63660430908203,269.4173278808594
2022-05-06,154.62107849121094,101.12423706054688,266.87225341796875
2022-05-09,149.48931884765625,102.01387023925781,257.01251220703125
2022-05-10,151.89788818359375,102.9391098022461,261.7918701171875
2022-05-11,144.0233154296875,104.92292785644531,253.09780883789062
2022-05-12,140.14991760253906,104.72725677490234,248.0465850830078
2022-05-13,144.6230010986328,103.17926025390625,253.6515350341797
2022-05-16,143.07955932617188,103.07251739501953,254.02066040039062
2022-05-17,146.71701049804688,101.82705688476562,259.1885681152344
2022-05-18,138.43934631347656,103.99773406982422,247.38775634765625
2022-05-19,135.02801513671875,104.24681854248047,246.4724884033203
2022-05-20,135.263916015625,105.4300537109375,245.9077606201172
2022-05-23,140.69064331054688,103.69524383544922,253.7847137451172
2022-05-24,137.98712158203125,105.74140930175781,252.7818145751953
2022-05-25,138.1444091796875,106.15953063964844,255.60548400878906
2022-05-26,141.3493194580078,105.67914581298828,258.8963928222656
2022-05-27,147.1102294921875,105.9371337890625,266.0430908203125
2022-05-31,146.3237762451172,103.69524383544922,264.70916748046875
2022-06-01,146.19598388671875,103.57672882080078,265.24468994140625
2022-06-02,148.65371704101562,103.63020324707031,267.3477783203125
2022-06-03,142.92227172851562,103.40740966796875,262.90789794921875
2022-06-06,143.66940307617188,101.5002212524414,261.67132568359375
2022-06-07,146.19598388671875,102.59640502929688,265.32257080078125
2022-06-08,145.45863342285156,101.68737030029297,263.2876281738281
2022-06-09,140.22854614257812,102.02601623535156,257.815673828125
2022-06-10,134.81170654296875,101.39325714111328,246.32644653320312
2022-06-13,129.65049743652344,98.2116470336914,235.8790740966797
2022-06-14,130.51559448242188,96.97284698486328,238.05032348632812
2022-06-15,133.1404571533203,98.78199768066406,245.12884521484375
2022-06-16,127.8612289428711,99.5662841796875,238.51766967773438
2022-06-17,129.3358917236328,99.8870849609375,241.1270751953125
2022-06-21,133.57302856445312,98.19380187988281,247.0567169189453
2022-06-22,133.06182861328125,100.89415740966797,246.46275329589844
2022-06-23,135.9324493408203,101.72301483154297,252.04183959960938
2022-06-24,139.26512145996094,100.3149185180664,260.64898681640625
2022-06-27,139.26512145996094,99.45936584472656,257.91302490234375
2022-06-28,135.116455078125,99.92278289794922,249.7245330810547
2022-06-29,136.87623596191406,101.4823989868164,253.4049835205078
2022-06-30,134.40866088867188,102.37359619140625,250.0653076171875
2022-07-01,136.58128356933594,103.42462921142578,252.74281311035156
2022-07-05,139.16680908203125,104.23723602294922,255.9267120361328
2022-07-06,140.50384521484375,102.48699188232422,259.1982116699219
2022-07-07,143.87583923339844,101.58511352539062,261.33050537109375
2022-07-08,144.5541534423828,100.45995330810547,260.61004638671875
2022-07-11,142.42086791992188,102.19231414794922,257.54296875
2022-07-12,143.3941192626953,102.799560546875,246.98854064941406
2022-07-13,143.0303955078125,103.97828674316406,246.06353759765625
2022-07-14,145.95997619628906,103.12995910644531,247.38775634765625
2022-07-15,147.6312713623047,103.71038055419922,249.9582061767578
2022-07-18,144.58367919921875,102.6298828125,247.5532684326172
2022-07-19,148.44728088378906,102.07624053955078,252.69418334960938
2022-07-20,150.45272827148438,102.3441162109375,255.3620147705078
2022-07-21,152.72372436523438,104.1122055053711,257.8643493652344
2022-07-22,151.48500061035156,105.86245727539062,253.50238037109375
2022-07-25,150.36428833007812,104.82658386230469,252.01260375976562
2022-07-26,149.03707885742188,104.90699005126953,245.26515197753906
2022-07-27,154.1393585205078,104.31759643554688,261.66162109375
2022-07-28,154.6898956298828,105.14807891845703,269.129638671875
2022-07-29,159.7626495361328,104.86235046386719,273.34552001953125
2022-08-01,158.779541015625,107.38777923583984,270.6874694824219
2022-08-02,157.30490112304688,105.115478515625,267.5814514160156
2022-08-03,163.3214569091797,106.77050018310547,275.0299987792969
2022-08-04,163.00689697265625,106.7347183227539,276.17889404296875
2022-08-05,162.78045654296875,104.19406127929688,275.4584045410156
2022-08-08,162.30787658691406,105.87590026855469,272.9366149902344
2022-08-09,162.3571319580078,105.46438598632812,274.86444091796875
2022-08-10,166.6099853515625,104.7755355834961,281.54376220703125
2022-08-11,165.87167358398438,102.33329772949219,279.46014404296875
2022-08-12,169.425537109375,103.37100982666016,284.2213134765625
2022-08-15,170.49859619140625,103.28154754638672,285.7402648925781
2022-08-16,170.34112548828125,103.71097564697266,285.000244140625
2022-08-17,171.8374481201172,102.62850189208984,284.2489929199219
2022-08-18,171.44371032714844,102.78060913085938,283.1268615722656
2022-08-19,168.85455322265625,101.12557220458984,279.2043762207031
2022-08-22,164.96595764160156,100.78565979003906,271.00830078125
2022-08-23,164.63119506835938,100.23098754882812,269.7300720214844
2022-08-24,164.9265594482422,99.49739074707031,269.095947265625
2022-08-25,167.3877410888672,100.88402557373047,272.0815734863281
2022-08-26,161.0773468017578,101.64445495605469,261.582763671875
2022-08-29,158.87213134765625,100.80353546142578,258.7922058105469
2022-08-30,156.44049072265625,101.05400848388672,256.5870361328125
2022-08-31,154.77679443359375,100.08784484863281,255.1234893798828
2022-09-01,155.50527954101562,98.25540924072266,254.07937622070312
2022-09-02,153.38864135742188,98.81121826171875,249.84475708007812
2022-09-06,152.12860107421875,96.36381530761719,247.1029815673828
2022-09-07,153.53636169433594,97.88784790039062,251.82550048828125
2022-09-08,152.0596923828125,96.8837661743164,252.24505615234375
2022-09-09,154.92442321777344,97.09895324707031,258.0408630371094
2022-09-12,160.8902587890625,96.3010482788086,260.1777648925781
2022-09-13,151.44932556152344,96.52516174316406,245.8735809326172
2022-09-14,152.89645385742188,96.85688018798828,246.09799194335938
2022-09-15,150.00213623046875,96.79414367675781,239.4240264892578
2022-09-16,148.35812377929688,95.98729705810547,238.799560546875
2022-09-19,152.07933044433594,96.21141815185547,238.5848846435547
2022-09-20,154.4617462158203,95.25215148925781,236.5651397705078
2022-09-21,151.33119201660156,96.8479232788086,233.1501007080078
2022-09-22,150.36639404296875,94.37359619140625,235.1307830810547
2022-09-23,148.09231567382812,94.75911712646484,232.14512634277344
2022-09-26,148.427001953125,92.94818878173828,231.6864776611328
2022-09-27,149.40162658691406,90.50077819824219,230.6717529296875
2022-09-28,147.511474609375,93.53089904785156,235.21864318847656
2022-09-29,140.26583862304688,93.04679107666016,231.7352752685547
2022-09-30,136.05235290527344,91.84552001953125,227.24691772460938
2022-10-03,140.23629760742188,93.30490112304688,234.8966522216797
2022-10-04,143.82958984375,93.04425811767578,242.83905029296875
2022-10-05,144.12489318847656,92.15463256835938,243.1512908935547
2022-10-06,143.17001342773438,91.64241027832031,240.79977416992188
2022-10-07,137.91294860839844,90.75275421142578,228.55441284179688
2022-10-10,138.2378387451172,89.34191131591797,223.68553161621094
2022-10-11,136.82025146484375,89.73731231689453,219.938720703125
2022-10-12,136.19017028808594,90.17762756347656,220.27049255371094
2022-10-13,140.76791381835938,89.3149642944336,228.55441284179688
2022-10-14,136.22955322265625,88.57808685302734,223.01223754882812
2022-10-17,140.19692993164062,88.146728515625,231.76454162597656
2022-10-18,141.51611328125,88.3534164428711,232.71099853515625
2022-10-19,141.62442016601562,86.744873046875,230.7400665283203
2022-10-20,141.16168212890625,85.26215362548828,230.41802978515625
2022-10-21,144.9813690185547,83.72545623779297,236.24314880371094
2022-10-24,147.12754821777344,83.03352355957031,241.24862670898438
2022-10-25,149.97262573242188,85.45085144042969,244.57586669921875
2022-10-26,147.02911376953125,86.68196868896484,225.7052459716797
2022-10-27,142.54981994628906,87.58956146240234,221.2462158203125
2022-10-28,153.3197784423828,86.98749542236328,230.14483642578125
2022-10-31,150.95709228515625,86.36744689941406,226.49562072753906
2022-11-01,148.30886840820312,87.17456817626953,222.63172912597656
2022-11-02,142.77621459960938,86.7962417602539,214.7576141357422
2022-11-03,136.72178649902344,86.32779693603516,209.04959106445312
2022-11-04,136.45553588867188,84.87745666503906,216.01629638671875
2022-11-07,136.988037109375,84.03064727783203,222.33901977539062
2022-11-08,137.5599822998047,84.94953155517578,223.3147430419922
2022-11-09,132.99435424804688,85.22877502441406,219.06056213378906
2022-11-10,144.82748413085938,88.50785064697266,237.082275390625
2022-11-11,147.61813354492188,88.18355560302734,241.1120147705078
2022-11-14,146.21786499023438,87.96733856201172,235.6869659423828
2022-11-15,147.95339965820312,89.39070129394531,236.09677124023438
2022-11-16,146.72076416015625,91.34549713134766,236.52731323242188
2022-11-17,148.62393188476562,90.3816146850586,236.47836303710938
2022-11-18,149.1859893798828,89.76002502441406,236.0282745361328
2022-11-21,145.9516143798828,90.13835906982422,236.8404083251953
2022-11-22,148.09144592285156,91.4175796508789,239.75625610351562
2022-11-23,148.96905517578125,93.01207733154297,242.25140380859375
2022-11-25,146.05023193359375,92.69678497314453,242.16331481933594
2022-11-28,142.21434020996094,92.9580307006836,236.55667114257812
2022-11-29,139.2067413330078,91.86799621582031,235.15744018554688
2022-11-30,145.9713592529297,92.54362487792969,249.64869689941406
2022-12-01,146.24740600585938,95.49999237060547,249.20838928222656
2022-12-02,145.75440979003906,96.70099639892578,249.53128051757812
2022-12-05,144.59080505371094,95.34649658203125,244.81500244140625
2022-12-06,140.92254638671875,96.5745849609375,239.84432983398438
2022-12-07,138.97994995117188,98.85011291503906,239.11048889160156
2022-12-08,140.66612243652344,98.5792007446289,242.0752716064453
2022-12-09,140.18296813964844,96.01472473144531,240.1378936767578
2022-12-12,142.4805908203125,96.32173156738281,247.07528686523438
2022-12-13,143.44696044921875,97.2518081665039,251.39036560058594
2022-12-14,141.21836853027344,97.66719818115234,251.6838836669922
2022-12-15,134.6016845703125,98.04826354980469,243.65060424804688
2022-12-16,132.63937377929688,96.95299530029297,239.42359924316406
2022-12-19,130.52911376953125,95.32366943359375,235.27484130859375
2022-12-20,130.46009826660156,93.6310043334961,236.59580993652344
2022-12-21,133.56629943847656,93.86637115478516,239.16917419433594
2022-12-22,130.39105224609375,93.84827423095703,233.06350708007812
2022-12-23,130.0262451171875,92.47238159179688,233.5918731689453
2022-12-27,128.2216796875,90.64395141601562,231.85997009277344
2022-12-28,124.28716278076172,90.10990142822266,229.48226928710938
2022-12-29,127.80752563476562,91.13275146484375,235.82278442382812
2022-12-30,128.12306213378906,90.11894989013672,234.65841674804688
2023-01-03,123.33065032958984,91.83878326416016,234.42356872558594
2023-01-04,124.60271453857422,93.09697723388672,224.16912841796875
2023-01-05,123.2813491821289,93.4861831665039,217.52525329589844
2023-01-06,127.81736755371094,95.20601654052734,220.08888244628906
2023-01-09,128.33999633789062,95.7129135131836,222.23175048828125
2023-01-10,128.91195678710938,94.12886047363281,223.92453002929688
2023-01-11,131.633544921875,95.65860748291016,230.69557189941406
2023-01-12,131.5546875,97.5413818359375,233.3765869140625
2023-01-13,132.88587951660156,96.62713623046875,234.08111572265625
2023-01-17,134.0494842529297,96.0025863647461,235.177001953125
2023-01-18,133.32965087890625,98.32884979248047,230.7347412109375
2023-01-19,133.3887939453125,97.71334838867188,226.93824768066406
2023-01-20,135.95263671875,96.12928009033203,235.04978942871094
2023-01-23,139.14756774902344,95.67671966552734,237.3590087890625
2023-01-24,140.5478515625,97.05256652832031,236.8306121826172
2023-01-25,139.8871612548828,97.28791809082031,235.43142700195312
2023-01-26,141.9579620361328,96.8353500366211,242.662353515625
2023-01-27,143.90054321289062,96.59092712402344,242.8188934326172
2023-01-30,141.0112762451172,96.2378921508789,237.48622131347656
2023-01-31,142.28334045410156,97.00727844238281,242.4764404296875
2023-02-01,143.4075164794922,98.1734619140625,247.3101348876953
2023-02-02,148.7225341796875,98.30049896240234,258.9051208496094
2023-02-03,152.3513641357422,96.83033752441406,252.78961181640625
2023-02-06,149.61985778808594,96.1134262084961,251.2435760498047
2023-02-07,152.499267578125,95.34203338623047,261.8013610839844
2023-02-08,149.80722045898438,95.79578399658203,260.9892883300781
2023-02-09,148.7718505859375,94.8882827758789,257.9461975097656
2023-02-10,149.1372528076172,93.82653045654297,257.4373474121094
2023-02-13,151.9420623779297,94.61605834960938,265.48046875
2023-02-14,151.30006408691406,94.39823150634766,266.31219482421875
2023-02-15,153.40370178222656,93.51797485351562,264.18359375
2023-02-16,151.80380249023438,92.19302368164062,257.1502990722656
2023-02-17,150.65817260742188,92.90995025634766,253.1383056640625
2023-02-21,146.63865661621094,91.10401153564453,247.85108947753906
2023-02-22,147.06329345703125,91.93891906738281,246.71319580078125
2023-02-23,147.54721069335938,92.83734130859375,249.91104125976562
2023-02-24,144.8905792236328,91.63037109375,244.46690368652344
2023-02-27,146.0855712890625,91.88446807861328,245.3889617919922
2023-02-28,145.58189392089844,92.30192565917969,244.66307067871094
2023-03-01,143.5079345703125,91.31029510498047,241.5731658935547
2023-03-02,144.10049438476562,90.50064086914062,246.32083129882812
2023-03-03,149.15701293945312,92.69309997558594,250.4210968017578
2023-03-06,151.9222869873047,91.97441101074219,251.97097778320312
2023-03-07,149.71995544433594,92.53848266601562,249.30284118652344
2023-03-08,150.9741973876953,92.62942504882812,248.86143493652344
2023-03-09,148.7224578857422,92.85686492919922,247.50778198242188
2023-03-10,146.65838623046875,96.05912017822266,243.84890747070312
2023-03-13,148.6039581298828,96.27747344970703,249.07725524902344
2023-03-14,150.6976776123047,94.69452667236328,255.81622314453125
2023-03-15,151.09271240234375,96.52310180664062,260.3775329589844
2023-03-16,153.91725158691406,95.7680435180664,270.93231201171875
2023-03-17,153.07777404785156,97.20539093017578,274.1006774902344
2023-03-20,155.44801330566406,96.35025787353516,267.0380554199219
2023-03-21,157.3046875,95.52238464355469,268.5584411621094
2023-03-22,155.87266540527344,96.79601287841797,267.09686279296875
2023-03-23,156.95901489257812,96.79601287841797,272.3645324707031
2023-03-24,158.26266479492188,97.20539093017578,275.2189636230469
2023-03-27,156.31710815429688,94.92196655273438,271.1089172363281
2023-03-28,155.69488525390625,95.09481811523438,269.9808654785156
2023-03-29,158.77622985839844,94.90377807617188,275.1601257324219
2023-03-30,160.3465118408203,95.34046936035156,278.6325988769531
2023-03-31,162.85499572753906,96.76874542236328,282.801513671875
2023-04-03,164.10923767089844,97.2238540649414,281.751953125
2023-04-04,163.57595825195312,97.70722961425781,281.7029113769531
2023-04-05,161.7291259765625,98.72872924804688,278.91705322265625
2023-04-06,162.61798095703125,98.98409271240234,286.03863525390625
2023-04-10,160.0205841064453,97.38801574707031,283.87078857421875
2023-04-11,158.80584716796875,97.58866882324219,277.43585205078125
2023-04-12,158.11453247070312,97.48833465576172,278.083251953125
2023-04-13,163.50682067871094,96.72223663330078,284.312255859375
2023-04-14,163.1611785888672,95.8375473022461,280.6827697753906
2023-04-17,163.180908203125,94.6974868774414,283.2920227050781
2023-04-18,164.40553283691406,95.0349349975586,282.8701477050781
2023-04-19,165.5511474609375,94.94374084472656,282.9486999511719
2023-04-20,164.5832977294922,95.75544738769531,280.6533508300781
2023-04-21,162.97354125976562,95.21735382080078,280.30999755859375
2023-04-24,163.2796630859375,96.13851928710938,276.39605712890625
2023-04-25,161.739013671875,97.55219268798828,270.16717529296875
2023-04-26,161.7291259765625,96.512451171875,289.7366943359375
2023-04-27,166.32147216796875,95.55482482910156,299.01629638671875
2023-04-28,167.57569885253906,97.09616088867188,301.3999938964844
2023-05-01,167.48683166503906,94.29644775390625,299.7323303222656
2023-05-02,166.44985961914062,96.64629364013672,299.5852355957031
2023-05-03,165.37339782714844,97.18576049804688,298.5945129394531
2023-05-04,163.7339630126953,96.22569274902344,299.5852355957031
2023-05-05,171.41751098632812,95.90569305419922,304.7253112792969
2023-05-08,171.3483428955078,94.56158447265625,302.763427734375
2023-05-09,169.6398162841797,94.22329711914062,301.1448974609375
2023-05-10,171.4075927734375,95.13764953613281,306.3536376953125
2023-05-11,171.59524536132812,96.14339447021484,304.1955871582031
2023-05-12,170.66563415527344,95.33877563476562,303.0773620605469
2023-05-15,170.171142578125,94.3512954711914,303.5579528808594
2023-05-16,170.171142578125,94.06784057617188,305.7945251464844
2023-05-17,170.7843017578125,93.79352569580078,308.6847229003906
2023-05-18,173.11825561523438,93.09864807128906,313.128173828125
2023-05-19,173.22703552246094,92.4403076171875,312.95123291015625
2023-05-22,172.27764892578125,92.11113739013672,315.74322509765625
2023-05-23,169.66676330566406,92.37629699707031,309.92340087890625
2023-05-24,169.9436798095703,91.91914367675781,308.53729248046875
2023-05-25,171.08099365234375,91.69054412841797,320.4029846191406
2023-05-26,173.4940643310547,92.43118286132812,327.2549743652344
2023-05-30,175.34341430664062,93.35466766357422,325.60345458984375
2023-05-31,175.29397583007812,94.16842651367188,322.8311462402344
2023-06-01,178.10263061523438,94.53788757324219,326.9501953125
2023-06-02,178.95314025878906,93.50193786621094,329.72247314453125
2023-06-05,177.5982666015625,93.32774353027344,330.25335693359375
2023-06-06,177.23233032226562,93.8778076171875,328.0315856933594
2023-06-07,175.85769653320312,92.48432922363281,317.9059753417969
2023-06-08,178.5773468017578,93.56610870361328,319.7541198730469
2023-06-09,178.96304321289062,93.43773651123047,321.25823974609375
2023-06-12,181.76177978515625,93.71278381347656,326.23260498046875
2023-06-13,181.28709411621094,92.78685760498047,328.63128662109375
2023-06-14,181.92001342773438,93.5293960571289,331.62969970703125
2023-06-15,183.95730590820312,94.42787170410156,342.2074890136719
2023-06-16,182.87933349609375,94.06116485595703,336.5351867675781
2023-06-20,182.9683380126953,94.71206665039062,332.32763671875
2023-06-21,181.92991638183594,94.9412612915039,327.9136047363281
2023-06-22,184.93638610839844,93.7952880859375,333.9595031738281
2023-06-23,184.61988830566406,94.73039245605469,329.3489074707031
2023-06-26,183.22547912597656,94.83126831054688,323.0376281738281
2023-06-27,185.98471069335938,94.5837173461914,328.9065246582031
2023-06-28,187.1615753173828,94.98710632324219,330.16485595703125
2023-06-29,187.49781799316406,93.2727279663086,329.37841796875
2023-06-30,191.82945251464844,94.37286376953125,334.77545166015625
2023-07-03,190.3361358642578,93.83787536621094,332.2685852050781
2023-07-05,189.2185821533203,92.9461898803711,332.42596435546875
2023-07-06,189.6932830810547,91.63163757324219,335.49310302734375
2023-07-07,188.5757293701172,91.08010864257812,331.51171875
2023-07-10,186.52862548828125,91.1995849609375,326.2128601074219
2023-07-11,186.00445556640625,91.66841888427734,326.84210205078125
2023-07-12,187.67581176757812,92.68878173828125,331.4920349121094
2023-07-13,188.4373016357422,93.66320037841797,336.8595886230469
2023-07-14,188.58567810058594,93.11164855957031,339.3959045410156
2023-07-17,191.84922790527344,93.15760803222656,339.87762451171875
2023-07-18,191.5920867919922,93.5804672241211,353.40472412109375
2023-07-19,192.94699096679688,94.63761901855469,349.06939697265625
2023-07-20,190.9987335205078,93.4885482788086,340.9983215332031
2023-07-21,189.82186889648438,93.51612854003906,337.9507751464844
2023-07-24,190.6229248046875,93.17598724365234,339.26812744140625
2023-07-25,191.4833221435547,93.00133514404297,345.0387878417969
2023-07-26,192.35362243652344,93.09326171875,332.0523376464844
2023-07-27,191.0877227783203,91.2823257446289,325.1216735839844
2023-07-28,193.66893005371094,91.75116729736328,332.6421813964844
2023-07-31,194.28208923339844,91.97174072265625,330.2336730957031
2023-08-01,193.4513702392578,90.46463775634766,330.6466064453125
2023-08-02,190.4547882080078,89.49675750732422,321.9562072753906
2023-08-03,189.06033325195312,87.43194580078125,321.13043212890625
2023-08-04,179.981689453125,88.98054504394531,322.2315368652344
2023-08-07,176.87632751464844,88.1048583984375,324.52203369140625
2023-08-08,177.81585693359375,89.12804412841797,320.5307312011719
2023-08-09,176.2236328125,89.58895111083984,316.7754211425781
2023-08-10,176.00604248046875,88.11406707763672,317.4635314941406
2023-08-11,176.06544494628906,87.91129302978516,315.5760803222656
2023-08-14,177.71925354003906,87.71771240234375,318.5548095703125
2023-08-15,175.72874450683594,87.18305206298828,316.41168212890625
2023-08-16,174.85726928710938,86.50092315673828,315.6432800292969
2023-08-17,172.3122100830078,86.1322021484375,312.1755065917969
2023-08-18,172.79747009277344,86.43639373779297,311.781494140625
2023-08-21,174.13436889648438,85.28417205810547,317.1013488769531
2023-08-22,175.5108642578125,85.93862915039062,317.67266845703125
2023-08-23,179.36314392089844,88.0679702758789,322.145263671875
2023-08-24,174.6691436767578,87.48725128173828,315.2196350097656
2023-08-25,176.87750244140625,87.77301025390625,318.1849670410156
2023-08-28,178.4421844482422,87.86515045166016,318.8943176269531
2023-08-29,182.3340301513672,88.77775573730469,323.53436279296875
2023-08-30,185.82980346679688,88.68558502197266,323.9087219238281
2023-08-31,186.04766845703125,89.08195495605469,322.89404296875
2023-09-01,187.6222686767578,87.69419860839844,323.7806701660156
2023-09-05,187.8599395751953,86.46452331542969,328.5980224609375
2023-09-06,181.13577270507812,86.67717742919922,327.93798828125
2023-09-07,175.83766174316406,86.91757202148438,325.0120849609375
2023-09-08,176.45164489746094,87.25041961669922,329.30731201171875
2023-09-11,177.62020874023438,86.62171173095703,332.9228210449219
2023-09-12,174.58990478515625,87.1209716796875,326.8444519042969
2023-09-13,172.5201873779297,87.10247802734375,331.0707702636719
2023-09-14,174.0353240966797,86.47377014160156,333.6716003417969
2023-09-15,173.3124237060547,85.94678497314453,325.3174743652344
2023-09-18,176.24371337890625,86.43678283691406,324.1746826171875
2023-09-19,177.3330535888672,85.7988510131836,323.7707824707031
2023-09-20,173.7877655029297,86.06696319580078,316.0077819824219
2023-09-21,172.2428741455078,83.8572769165039,314.78619384765625
2023-09-22,173.09454345703125,84.5322265625,312.3036193847656
2023-09-25,174.37203979492188,82.45194244384766,312.82574462890625
2023-09-26,170.2919921875,82.16534423828125,307.5058898925781
2023-09-27,168.77684020996094,81.74005889892578,308.146240234375
2023-09-28,169.03431701660156,81.98967742919922,308.983642578125
2023-09-29,169.54925537109375,81.9989242553711,311.0622863769531
2023-10-02,172.06463623046875,80.6262435913086,317.0224914550781
2023-10-03,170.72772216796875,78.89183807373047,308.73736572265625
2023-10-04,171.97549438476562,80.00482940673828,314.22467041015625
2023-10-05,173.21337890625,79.60602569580078,314.6186828613281
2023-10-06,175.7683563232422,78.64143371582031,322.4014587402344
2023-10-09,177.25381469726562,80.48712921142578,324.9234313964844
2023-10-10,176.65963745117188,80.37581634521484,323.5146484375
2023-10-11,178.05596923828125,82.05457305908203,327.4848327636719
2023-10-12,178.95713806152344,79.82860565185547,326.2434997558594
2023-10-13,177.11517333984375,81.25692749023438,322.8644714355469
2023-10-16,176.98641967773438,79.94916534423828,327.7015686035156
2023-10-17,175.43161010742188,79.06808471679688,327.130126953125
2023-10-18,174.13436889648438,78.37246704101562,325.2091064453125
2023-10-19,173.758056640625,76.7679214477539,326.4011535644531
2023-10-20,171.20306396484375,77.20381164550781,321.8202209472656
2023-10-23,171.32191467285156,78.13131713867188,324.43084716796875
2023-10-24,171.75765991210938,79.16082000732422,325.62286376953125
2023-10-25,169.44033813476562,77.39859008789062,335.61236572265625
2023-10-26,165.2711944580078,78.58580017089844,323.0220642089844
2023-10-27,166.58828735351562,78.25188446044922,324.9135437011719
2023-10-30,168.63818359375,77.89944458007812,332.3022155761719
2023-10-31,169.11355590820312,77.5191650390625,333.0903015136719
2023-11-01,172.2825164794922,79.19996643066406,340.93218994140625
2023-11-02,175.8475799560547,81.00544738769531,343.1487731933594
2023-11-03,174.9364776611328,81.55455017089844,347.5622253417969
2023-11-06,177.49148559570312,80.76349639892578,351.23687744140625
2023-11-07,180.05638122558594,81.95475006103516,355.1775207519531
2023-11-08,181.11598205566406,83.35074615478516,357.807861328125
2023-11-09,180.64064025878906,81.43356323242188,355.3351135253906
2023-11-10,184.83511352539062,81.88960266113281,364.18182373046875
2023-11-13,183.24856567382812,81.70346069335938,361.2361755371094
2023-11-14,185.86639404296875,83.55549621582031,364.77288818359375
2023-11-15,186.4315948486328,82.3828353881836,364.9209899902344
2023-11-16,188.11732482910156,83.40658569335938,371.33746337890625
2023-11-17,188.09750366210938,83.79745483398438,365.0986328125
2023-11-20,189.84271240234375,84.309326171875,372.5911865234375
2023-11-21,189.03952026367188,84.27210235595703,368.27734375
2023-11-22,189.7039031982422,84.56993103027344,372.995849609375
2023-11-24,188.37513732910156,83.57410430908203,372.5812683105469
2023-11-27,188.19667053222656,84.9701156616211,373.7461242675781
2023-11-28,188.80152893066406,85.13764190673828,377.78363037109375
2023-11-29,187.78021240234375,86.2079086303711,373.9830627441406
2023-11-30,188.3553466796875,85.21207427978516,374.0422058105469
2023-12-01,189.63450622558594,86.81697082519531,369.6988220214844
2023-12-04,187.8396759033203,86.4715347290039,364.3977966308594
2023-12-05,191.79620361328125,88.32941436767578,367.73431396484375
2023-12-06,190.7054443359375,89.50577545166016,364.0621643066406
2023-12-07,192.6390380859375,88.99229431152344,366.1845703125
2023-12-08,194.0669708251953,88.26406860351562,369.42236328125
2023-12-11,191.55819702148438,88.07734680175781,366.5300598144531
2023-12-12,193.0753631591797,88.33879089355469,369.5704650878906
2023-12-13,196.29806518554688,90.41139221191406,369.5605773925781
2023-12-14,196.44680786132812,92.76325225830078,361.22900390625
2023-12-15,195.91134643554688,92.86628723144531,365.96734619140625
2023-12-18,194.24546813964844,92.12635040283203,367.8627014160156
2023-12-19,195.28665161132812,92.62275695800781,368.46484375
2023-12-20,193.19435119628906,93.25030517578125,365.8587341308594
2023-12-21,193.0455780029297,92.66022491455078,368.74127197265625
2023-12-22,191.9746856689453,92.23876190185547,369.7678527832031
2023-12-26,191.42930603027344,92.50100708007812,369.84686279296875
2023-12-27,191.52842712402344,94.14010620117188,369.2644348144531
2023-12-28,191.95486450195312,93.45635986328125,370.45892333984375
2023-12-29,190.91366577148438,92.61341094970703,371.2091369628906
2024-01-02,184.08151245117188,92.07952117919922,366.10552978515625
2024-01-03,182.70315551757812,92.46354675292969,365.8389892578125
2024-01-04,180.3828125,91.05859375,363.2132263183594
2024-01-05,179.65895080566406,90.18753051757812,363.025634765625
2024-01-08,184.00218200683594,91.07733917236328,369.8764343261719
2024-01-09,183.585693359375,90.49664306640625,370.96234130859375
2024-01-10,184.62686157226562,90.07513427734375,377.8526611328125
2024-01-11,184.03192138671875,90.58092498779297,379.68878173828125
2024-01-12,184.35914611816406,90.4029541015625,383.47943115234375
2024-01-16,182.08837890625,88.81069946289062,385.2563171386719
2024-01-17,181.14633178710938,88.67020416259766,384.46661376953125
2024-01-18,187.04640197753906,87.8459701538086,388.81005859375
2024-01-19,189.95179748535156,88.12696838378906,393.54840087890625
2024-01-22,192.2622528076172,88.65147399902344,391.41619873046875
2024-01-23,193.54141235351562,87.94902038574219,393.7754211425781
2024-01-24,192.86712646484375,87.43386840820312,397.3884582519531
2024-01-25,192.53990173339844,88.00521850585938,399.66876220703125
2024-01-26,190.8045654296875,87.83660888671875,398.7408447265625
2024-01-29,190.120361328125,88.84818267822266,404.45648193359375
2024-01-30,186.4613494873047,89.6536636352539,403.3409423828125
2024-01-31,182.8519287109375,90.53409576416016,392.4723815917969
2024-02-01,185.29127502441406,92.31001281738281,398.5927429199219
2024-02-02,184.2897491455078,90.27098846435547,405.93719482421875
2024-02-05,186.1043701171875,88.44810485839844,400.438720703125
2024-02-06,187.71078491210938,89.31256866455078,400.2807922363281
2024-02-07,187.81983947753906,88.88033294677734,408.7308044433594
2024-02-08,186.73902893066406,88.363525390625,408.7900390625
2024-02-09,187.50352478027344,88.18498992919922,415.1473388671875
2024-02-12,185.81564331054688,88.28836822509766,409.9252624511719
2024-02-13,183.72068786621094,86.77554321289062,401.1001281738281
2024-02-14,182.83702087402344,87.21717071533203,404.9769287109375
2024-02-15,182.54908752441406,87.66822814941406,402.0791931152344
2024-02-16,181.01014709472656,87.1607894897461,399.6068115234375
2024-02-20,180.26547241210938,87.23597717285156,398.3507385253906
2024-02-21,181.02008056640625,86.61579895019531,397.74749755859375
2024-02-22,183.05545043945312,87.03862762451172,407.11309814453125
2024-02-23,181.21865844726562,88.20379638671875,405.8175354003906
2024-02-26,179.8683319091797,87.94070434570312,403.0484619140625
2024-02-27,181.32785034179688,87.32051849365234,402.9890441894531
2024-02-28,180.12649536132812,87.87492370605469,403.2264404296875
2024-02-29,179.46128845214844,88.49508666992188,409.08123779296875
2024-03-01,178.37904357910156,89.04649353027344,410.920654296875
2024-03-04,173.8515625,88.68831634521484,410.34710693359375
2024-03-05,168.9070587158203,89.95138549804688,398.21234130859375
2024-03-06,167.9141845703125,90.47921752929688,397.6584777832031
2024-03-07,167.7950439453125,90.39440155029297,404.6308288574219
2024-03-08,169.51271057128906,90.23416137695312,401.7430114746094
2024-03-11,171.51829528808594,90.18702697753906,400.06170654296875
2024-03-12,171.99485778808594,89.43296813964844,410.703125
2024-03-13,169.90988159179688,88.9993667602539,410.52508544921875
2024-03-14,171.76651000976562,87.63260650634766,420.5335693359375
2024-03-15,171.3892364501953,87.60432434082031,411.8305358886719
2024-03-18,172.48138427734375,87.3404312133789,412.7206726074219
2024-03-19,174.82455444335938,87.58547973632812,416.765625
2024-03-20,177.39608764648438,87.55721282958984,420.54345703125
2024-03-21,170.14813232421875,87.74571990966797,424.6378173828125
2024-03-22,171.05165100097656,88.58463287353516,424.0147399902344
2024-03-25,169.63185119628906,88.14160919189453,418.1995544433594
2024-03-26,168.49996948242188,88.38668823242188,417.0028991699219
2024-03-27,172.0742950439453,89.26329040527344,416.7852783203125
2024-03-28,170.25735473632812,89.18790435791016,416.08319091796875
2024-04-01,168.8177032470703,87.52532196044922,419.8907775878906
2024-04-02,167.63619995117188,87.04301452636719,416.7952575683594
2024-04-03,168.44039916992188,87.02409362792969,415.8161315917969
2024-04-04,167.6163330078125,87.64826202392578,413.27447509765625
2024-04-05,168.37091064453125,86.42830657958984,420.83026123046875
2024-04-08,167.24896240234375,86.41883087158203,419.9104919433594
2024-04-09,168.4602508544922,87.22270965576172,421.5819091796875
2024-04-10,166.583740234375,85.32183837890625,418.5951843261719
2024-04-11,173.79196166992188,84.93409729003906,423.21368408203125
2024-04-12,175.29122924804688,85.38802337646484,417.25018310546875
2024-04-15,171.45872497558594,84.06404113769531,409.08123779296875
2024-04-16,168.17233276367188,83.50606536865234,410.01080322265625
2024-04-17,166.80218505859375,84.432861328125,407.3010559082031
2024-04-18,165.84901428222656,84.00729370117188,399.8144226074219
2024-04-19,163.82354736328125,84.30992126464844,394.72125244140625
2024-04-22,164.65756225585938,84.16805267333984,396.54095458984375
2024-04-23,165.7100067138672,84.1964340209961,403.078125
2024-04-24,167.8148956298828,83.60063934326172,404.5516357421875
2024-04-25,168.67869567871094,83.01428985595703,394.64208984375
2024-04-26,168.0928955078125,83.4493179321289,401.84185791015625
2024-04-29,172.26296997070312,84.14915466308594,397.81671142578125
2024-04-30,169.1155548095703,83.43038940429688,385.0390930175781
2024-05-01,168.0928955078125,84.04537200927734,390.5872497558594
2024-05-02,171.79629516601562,84.406005859375,393.455322265625
2024-05-03,182.072509765625,85.26011657714844,402.1781311035156
2024-05-06,180.4144287109375,85.59228515625,408.9822998046875
2024-05-07,181.0994873046875,86.1142578125,404.8285827636719
2024-05-08,181.4370880126953,85.59228515625,406.01531982421875
2024-05-09,183.2540283203125,86.00985717773438,407.7757568359375
2024-05-10,181.9913787841797,85.5258560180664,410.1690673828125
2024-05-13,185.20269775390625,85.74411010742188,409.1602783203125
2024-05-14,186.34603881835938,86.22811126708984,411.968994140625
2024-05-15,188.622802734375,87.40491485595703,419.1718444824219
2024-05-16,188.7421112060547,87.31949615478516,417.10113525390625
2024-05-17,188.77194213867188,86.7311019897461,416.3283386230469
2024-05-20,189.93516540527344,86.47486877441406,421.4109802246094
2024-05-21,191.2375946044922,86.9208984375,425.07684326171875
2024-05-22,189.7959747314453,87.0252914428711,426.5430908203125
2024-05-23,185.79922485351562,86.46537780761719,423.0556335449219
2024-05-24,188.8813018798828,86.72160339355469,426.1864929199219
2024-05-28,188.89125061035156,85.4783935546875,426.3450012207031
2024-05-29,189.1894989013672,84.4439697265625,425.2056579589844
2024-05-30,190.18373107910156,85.26011657714844,410.83953857421875
2024-05-31,191.13818359375,85.8390121459961,411.2953186035156
2024-06-03,192.90786743164062,87.22743225097656,409.7001647949219
2024-06-04,193.2260284423828,88.24635314941406,412.22662353515625
2024-06-05,194.7372283935547,88.89390563964844,420.09326171875
2024-06-06,193.35525512695312,88.76056671142578,420.5985412597656
2024-06-07,195.7513427734375,87.13220977783203,419.9347839355469
2024-06-10,192.00311279296875,86.55133056640625,423.9175720214844
2024-06-11,205.9519805908203,87.44646453857422,428.6831970214844
2024-06-12,211.83778381347656,88.10350799560547,436.98577880859375
2024-06-13,213.00100708007812,89.3985824584961,437.5009460449219
2024-06-14,211.2611083984375,90.15087127685547,438.4818115234375
2024-06-17,215.41693115234375,89.25575256347656,444.228271484375
2024-06-18,213.05068969726562,90.07469177246094,442.21697998046875
2024-06-20,208.4673614501953,89.47477722167969,441.58294677734375
2024-06-21,206.29005432128906,89.47477722167969,445.6252136230469
2024-06-24,206.93626403808594,89.83663940429688,443.5347595214844
2024-06-25,207.86090087890625,89.98900604248047,446.7844543457031
2024-06-26,212.0167236328125,88.70344543457031,447.9832763671875
2024-06-27,212.86181640625,89.05577850341797,448.6668701171875
2024-06-28,209.40191650390625,87.39883422851562,442.8213806152344
2024-07-01,215.49647521972656,85.89042663574219,452.51104736328125
2024-07-02,218.99610900878906,86.55913543701172,455.0374450683594
2024-07-03,220.2687225341797,87.69593048095703,456.513671875
2024-07-05,225.031005859375,88.42195129394531,463.240966796875
2024-07-08,226.50245666503906,88.6130142211914,461.93316650390625
2024-07-09,227.35748291015625,88.22135162353516,455.2950439453125
2024-07-10,231.6326141357422,88.4983901977539,461.9430847167969
2024-07-11,226.25392150878906,89.35813903808594,450.4997863769531
2024-07-12,229.20672607421875,89.74027252197266,449.3603820800781
2024-07-15,233.04440307617188,88.70854187011719,449.7665710449219
2024-07-16,233.4619903564453,89.9599838256836,445.36761474609375
2024-07-17,227.55633544921875,89.97907257080078,439.42303466796875
2024-07-18,222.88351440429688,89.2912826538086,436.3021545410156
2024-07-19,223.0127410888672,88.76586151123047,433.072265625
2024-07-22,222.664794921875,88.50794982910156,438.848388671875
2024-07-23,223.7086944580078,88.38374328613281,440.74078369140625
2024-07-24,217.276123046875,87.4284439086914,424.9381103515625
2024-07-25,216.23220825195312,88.1449203491211,414.53509521484375
2024-07-26,216.69947814941406,88.83273315429688,421.3415832519531
2024-07-29,216.97787475585938,89.31037139892578,422.78814697265625
2024-07-30,217.53463745117188,89.65428924560547,419.01336669921875
2024-07-31,220.79563903808594,90.57135772705078,414.4855651855469
2024-08-01,217.09716796875,91.35250854492188,413.25701904296875
2024-08-02,218.5885009765625,94.19920349121094,404.7166442871094
2024-08-05,208.05975341796875,94.69761657714844,391.4998474121094
2024-08-06,206.03150939941406,92.57937622070312,395.9186706542969
2024-08-07,208.60655212402344,91.92760467529297,394.74957275390625
2024-08-08,212.0763702392578,91.36210632324219,398.97021484375
2024-08-09,214.98944091796875,92.26307678222656,402.26947021484375
2024-08-12,216.52230834960938,92.59854125976562,403.0521545410156
2024-08-13,220.24497985839844,93.24073791503906,410.1856384277344
2024-08-14,220.69288635253906,93.82539367675781,413.00933837890625
2024-08-15,223.67898559570312,93.06819915771484,417.89263916015625
2024-08-16,225.00283813476562,93.39408874511719,415.35174560546875
2024-08-19,224.84356689453125,93.82539367675781,418.388916015625
2024-08-20,225.460693359375,94.57300567626953,421.63458251953125
2024-08-21,225.35121154785156,94.63052368164062,420.9794921875
2024-08-22,223.4898681640625,93.69121551513672,412.4534912109375
2024-08-23,225.78916931152344,94.30463409423828,413.6842346191406
2024-08-26,226.12759399414062,94.06500244140625,410.4088439941406
2024-08-27,226.97366333007812,93.9020767211914,410.7562255859375
2024-08-28,225.4407958984375,93.78704833984375,407.5404052734375
2024-08-29,228.72549438476562,93.48035430908203,410.0415954589844
2024-08-30,227.9391632080078,92.48351287841797,414.03167724609375
2024-09-03,221.73802185058594,93.99613952636719,406.3890380859375
2024-09-04,219.82691955566406,95.20773315429688,405.8530578613281
2024-09-05,221.34983825683594,95.74623107910156,405.34686279296875
2024-09-06,219.79705810546875,95.73661041259766,398.7066955566406
2024-09-09,219.8866424560547,96.15010070800781,402.69677734375
2024-09-10,219.09034729003906,96.8232192993164,411.11358642578125
2024-09-11,221.6285400390625,96.74629211425781,419.8876953125
2024-09-12,221.73802185058594,96.2943344116211,423.8181457519531
2024-09-13,221.4692840576172,96.55396270751953,427.38140869140625
2024-09-16,215.3179168701172,97.43864440917969,428.1258239746094
2024-09-17,215.78570556640625,96.96745300292969,431.9074401855469
2024-09-18,219.6676788330078,95.76544952392578,427.59979248046875
2024-09-19,227.8097686767578,95.44815063476562,435.42108154296875
2024-09-20,227.1428680419922,95.08272552490234,432.0265197753906
2024-09-23,225.4208984375,94.88077545166016,430.2796630859375
2024-09-24,226.3166961669922,94.861572265625,425.9720458984375
2024-09-25,225.3213348388672,94.07304382324219,428.89007568359375
2024-09-26,226.4660186767578,94.2942123413086,428.0960388183594
2024-09-27,226.73475646972656,94.78462219238281,424.8305358886719
2024-09-30,231.92063903808594,94.33267974853516,427.09356689453125
2024-10-01,225.16209411621094,95.01375579833984,417.5552062988281
2024-10-02,225.7294464111328,94.21306610107422,414.021728515625
2024-10-03,224.6245880126953,93.32552337646484,413.4361267089844
2024-10-04,225.7493438720703,92.17752075195312,412.959716796875
2024-10-07,220.6630401611328,91.48294067382812,406.48828125
2024-10-08,224.72415161132812,91.63728332519531,411.6197204589844
2024-10-09,228.47665405273438,91.11634826660156,414.3492431640625
2024-10-10,227.97897338867188,90.75942993164062,412.7413330078125
2024-10-11,226.4958953857422,90.392822265625,413.2177734375
2024-10-14,230.228515625,90.4603500366211,416.01678466796875
2024-10-15,232.76669311523438,91.56011962890625,415.6197204589844
2024-10-16,230.70628356933594,91.94599151611328,413.01922607421875
2024-10-17,231.07456970214844,90.48930358886719,413.6147766113281
2024-10-18,233.91136169433594,90.55681610107422,415.0440673828125
2024-10-21,235.38450622558594,88.97472381591797,415.6593933105469
2024-10-22,234.76739501953125,89.06153106689453,424.32440185546875
2024-10-23,229.69100952148438,88.82034301757812,421.4360656738281
2024-10-24,229.50189208984375,89.38954162597656,421.5650939941406
2024-10-25,230.3380126953125,88.88788604736328,424.9595947265625
2024-10-28,232.31878662109375,88.6467056274414,423.4112243652344
2024-10-29,232.58753967285156,88.78177642822266,428.7312927246094
2024-10-30,229.03407287597656,89.04224395751953,429.30694580078125
2024-10-31,224.8634796142578,89.18694305419922,403.3220520019531
2024-11-01,221.8773651123047,87.92955017089844,407.3121032714844
2024-11-04,220.98153686523438,89.29438018798828,405.41632080078125
2024-11-05,222.4148712158203,89.76869201660156,408.3939514160156
2024-11-06,221.68824768066406,87.31006622314453,417.04901123046875
2024-11-07,226.42620849609375,88.40387725830078,422.2598571777344
2024-11-08,226.15716552734375,89.52669525146484,419.39141845703125
2024-11-11,223.4368133544922,89.09111022949219,414.8951721191406
2024-11-12,223.4368133544922,87.75532531738281,419.87774658203125
2024-11-13,224.3236541748047,86.92288208007812,422.0316162109375
2024-11-14,227.41270446777344,87.42621612548828,423.7090148925781
2024-11-15,224.20408630371094,87.19391632080078,411.9075927734375
2024-11-18,227.21339416503906,87.34878540039062,412.66192626953125
2024-11-19,227.4724884033203,87.79403686523438,414.67681884765625
2024-11-20,228.18994140625,87.51335144042969,412.3939208984375
2024-11-21,227.71163940429688,87.44557189941406,410.6137390136719
2024-11-22,229.05685424804688,87.49398040771484,414.7211608886719
2024-11-25,232.04624938964844,89.7590103149414,416.5013732910156
2024-11-26,234.22850036621094,89.41053771972656,425.6510925292969
2024-11-27,234.0989532470703,90.030029296875,420.67840576171875
2024-11-29,236.49046325683594,90.95928192138672,421.1458435058594
2024-12-02,238.7424774169922,91.1778335571289,428.624755859375
2024-12-03,241.79165649414062,90.39105987548828,428.84356689453125
2024-12-04,242.150390625,91.36237335205078,435.0295715332031
2024-12-05,242.18026733398438,91.54692840576172,440.2011413574219
2024-12-06,241.98097229003906,91.68291473388672,441.1459655761719
2024-12-09,245.8771514892578,90.8378677368164,443.58251953125
2024-12-10,246.8935546875,90.41048431396484,440.9072570800781
2024-12-11,245.6180877685547,89.55572509765625,446.5363464355469
2024-12-12,247.0828857421875,88.46784210205078,447.1032409667969
2024-12-13,247.2522735595703,87.56452178955078,444.82574462890625
2024-12-16,250.1519775390625,87.82676696777344,449.12213134765625
2024-12-17,252.58334350585938,88.04046630859375,451.9764099121094
2024-12-18,247.1725616455078,86.93958282470703,434.9997253417969
2024-12-19,248.90640258789062,85.62319946289062,434.6416931152344
2024-12-20,253.5897979736328,86.1107406616211,434.21405029296875
2024-12-23,254.36703491210938,85.32091522216797,432.8714599609375
2024-12-24,257.28668212890625,85.68170166015625,436.9291076660156
2024-12-26,258.1037292480469,85.6329574584961,435.7157897949219
2024-12-27,254.68588256835938,84.9308853149414,428.1772155761719
2024-12-30,251.307861328125,85.61344909667969,422.50836181640625
2024-12-31,249.53416442871094,85.15515899658203,419.1965637207031
