date,return,VaR_threshold,exception
2020-01-03,-0.0023387563088326318,,0
2020-01-06,0.0016077127252058653,,0
2020-01-07,-0.006267098542734821,,0
2020-01-08,0.008375852421693608,,0
2020-01-09,0.012312911226099805,,0
2020-01-10,0.0021572053542718087,,0
2020-01-13,0.010017883474843173,,0
2020-01-14,-0.005177545572126249,,0
2020-01-15,0.002923583871182725,,0
2020-01-16,0.009150043524431096,,0
2020-01-17,0.0026688561469991306,,0
2020-01-21,1.7969063836101488e-05,,0
2020-01-22,0.0007513495197669431,,0
2020-01-23,0.005972815379968026,,0
2020-01-24,-0.0016526613970011363,,0
2020-01-27,-0.010425410823296658,,0
2020-01-28,0.01314696310243304,,0
2020-01-29,0.015306882255943201,,0
2020-01-30,0.00883510985085846,,0
2020-01-31,-0.0170441430528672,,0
2020-02-03,0.006842063034728869,,0
2020-02-04,0.017102761523379313,,0
2020-02-05,-0.0013651031520893545,,0
2020-02-06,0.012215707605085401,,0
2020-02-07,4.302238862326606e-05,,0
2020-02-10,0.011108258473306303,,0
2020-02-11,-0.011312771999649513,,0
2020-02-12,0.006617884241547978,,0
2020-02-13,-0.002915405780975125,,0
2020-02-14,0.004500652500042147,,0
2020-02-18,-0.0005210445732531907,,0
2020-02-19,0.005768251884995674,,0
2020-02-20,-0.005965957638368689,,0
2020-02-21,-0.01524032682929712,,0
2020-02-24,-0.025973698008539766,,0
2020-02-25,-0.01526268290282415,,0
2020-02-26,0.007615494153861827,,0
2020-02-27,-0.04329216904314712,,0
2020-02-28,0.015224041917688882,,0
2020-03-02,0.04868411073899499,,0
2020-03-03,-0.021991184411364585,,0
2020-03-04,0.02357418565442269,,0
2020-03-05,-0.011267553584223041,,0
2020-03-06,0.002896957557537861,,0
2020-03-09,-0.04194366071866374,,0
2020-03-10,0.02769133245150288,,0
2020-03-11,-0.03973324771040264,,0
2020-03-12,-0.0658139286372888,,0
2020-03-13,0.07440810533060982,,0
2020-03-16,-0.07813582866850434,,0
2020-03-17,0.017714444277899817,,0
2020-03-18,-0.041952910937667905,,0
2020-03-19,0.011829788340958988,,0
2020-03-20,-0.010456696875935586,,0
2020-03-23,0.00296171488036656,,0
2020-03-24,0.05460482914066003,,0
2020-03-25,-0.005805098144155852,,0
2020-03-26,0.0389556349511728,,0
2020-03-27,-0.01928963493556548,,0
2020-03-30,0.029284469297880398,,0
2020-03-31,-0.008682146098125077,,0
2020-04-01,-0.025430598285120263,,0
2020-04-02,0.014457237905709575,,0
2020-04-03,-0.007117384945132116,,0
2020-04-06,0.05091940920906697,,0
2020-04-07,-0.011001940288874317,,0
2020-04-08,0.009316806405881284,,0
2020-04-09,0.0030221062244464793,,0
2020-04-13,0.004167742844718162,,0
2020-04-14,0.03244123850311732,,0
2020-04-15,0.0021472829711772375,,0
2020-04-16,0.01626220246220582,,0
2020-04-17,-0.006128074830680335,,0
2020-04-20,-0.01099393883713753,,0
2020-04-21,-0.02037393176955423,,0
2020-04-22,0.017175962271405634,,0
2020-04-23,-0.0035881037888741236,,0
2020-04-24,0.016299562015239525,,0
2020-04-27,-0.006983685374539408,,0
2020-04-28,-0.00985307315593269,,0
2020-04-29,0.023670340037764814,,0
2020-04-30,0.006371056785235295,,0
2020-05-01,-0.01131195631387799,,0
2020-05-04,0.011166736462017386,,0
2020-05-05,0.006384802758743899,,0
2020-05-06,0.0012653148774160556,,0
2020-05-07,0.01088362263369663,,0
2020-05-08,0.005433683280745383,,0
2020-05-11,0.006289924054666411,,0
2020-05-12,-0.00806515115799623,,0
2020-05-13,-0.006804321422989398,,0
2020-05-14,0.0067312978239876045,,0
2020-05-15,0.001986109790905322,,0
2020-05-18,0.0035326354646350315,,0
2020-05-19,-0.003002525425135496,,0
2020-05-20,0.012008825005466644,,0
2020-05-21,-0.005690866848385524,,0
2020-05-22,0.004283796059603959,,0
2020-05-26,-0.010308119067393587,,0
2020-05-27,0.001276642583167489,,0
2020-05-28,-0.0018350697607397758,,0
2020-05-29,0.005429533125858512,,0
2020-06-01,0.0010576128377620165,,0
2020-06-02,0.004096281669459836,,0
2020-06-03,-0.0018219012484102307,,0
2020-06-04,-0.01216178999904374,,0
2020-06-05,0.014687662707003123,,0
2020-06-08,0.005302898535283129,,0
2020-06-09,0.016666653868744996,,0
2020-06-10,0.025513641283304727,,0
2020-06-11,-0.028556922446839973,,0
2020-06-12,0.0022565835452505413,,0
2020-06-15,0.006405447414121332,,0
2020-06-16,0.011638324615198637,,0
2020-06-17,0.0020605362405502837,,0
2020-06-18,0.007194135634025321,,0
2020-06-19,-0.0036360783586967017,,0
2020-06-22,0.017782000447634047,,0
2020-06-23,0.006973645603659197,,0
2020-06-24,-0.00916827529793561,,0
2020-06-25,0.009541259540303682,,0
2020-06-26,-0.013593390471420401,,0
2020-06-29,0.01010766309557129,,0
2020-06-30,0.009557590074596901,,0
2020-07-01,0.0006644863340890505,,0
2020-07-02,0.0028772752908456795,,0
2020-07-06,0.014530777289775346,,0
2020-07-07,-0.0002818810369805844,,0
2020-07-08,0.013591569007147721,,0
2020-07-09,0.009021461078031812,,0
2020-07-10,-0.00210909759288694,,0
2020-07-13,-0.010899285293509468,,0
2020-07-14,0.008003992366026053,,0
2020-07-15,0.00022885989470683435,,0
2020-07-16,-0.009215385368891924,,0
2020-07-17,-0.003077153133133568,,0
2020-07-20,0.02179791187994256,,0
2020-07-21,-0.00895357059022977,,0
2020-07-22,0.00668642325418327,,0
2020-07-23,-0.026480358759647105,,0
2020-07-24,-0.0028933527127777176,,0
2020-07-27,0.010764591619050325,,0
2020-07-28,-0.006229087207051012,,0
2020-07-29,0.009109977257764816,,0
2020-07-30,0.005936719402929844,,0
2020-07-31,0.03478319858739773,,0
2020-08-03,0.02485142429647458,,0
2020-08-04,0.00034018307487011817,,0
2020-08-05,-0.002268386635908337,,0
2020-08-06,0.01858387071618338,,0
2020-08-07,-0.015912034975813148,,0
2020-08-10,-0.003387337771182136,,0
2020-08-11,-0.021936868446537427,,0
2020-08-12,0.017241110557821463,,0
2020-08-13,0.0014835358335089496,,0
2020-08-14,-0.001282616913373596,,0
2020-08-17,0.002159943216550274,,0
2020-08-18,0.007054181915081556,,0
2020-08-19,-0.003700829579512747,,0
2020-08-20,0.017983546953577075,,0
2020-08-21,0.01630862598724171,,0
2020-08-24,0.004467883137721902,,0
2020-08-25,-0.0009982978374448428,,0
2020-08-26,0.010354419725766055,,0
2020-08-27,-0.0016416769695545726,,0
2020-08-28,0.00262156847424499,,0
2020-08-31,0.008364625320661484,,0
2020-09-01,0.01937263752896945,,0
2020-09-02,0.0025426604468311207,,0
2020-09-03,-0.04818652144660451,,0
2020-09-04,-0.010881414830008896,,0
2020-09-08,-0.03971816090698572,,0
2020-09-09,0.02604068864344069,,0
2020-09-10,-0.01884622593205299,,0
2020-09-11,-0.00587728870203256,,0
2020-09-14,0.012079792199662497,,0
2020-09-15,0.005132326825215631,,0
2020-09-16,-0.016992054178115362,,0
2020-09-17,-0.007843936497827102,,0
2020-09-18,-0.01594783949848969,,0
2020-09-21,0.015202568009714347,,0
2020-09-22,0.0128702929485569,,0
2020-09-23,-0.02499862430070402,,0
2020-09-24,0.008972600011999728,,0
2020-09-25,0.019786788040466772,,0
2020-09-28,0.00950107280469518,,0
2020-09-29,-0.005635703066733712,,0
2020-09-30,0.006678737925606564,,0
2020-10-01,0.006716900095364435,,0
2020-10-02,-0.022169871944128578,,0
2020-10-05,0.010237088314045004,,0
2020-10-06,-0.015063184537212946,,0
2020-10-07,0.009454491736927691,,0
2020-10-08,0.0026656994072024997,,0
2020-10-09,0.01386406510971014,,0
2020-10-12,0.030112256633921627,,0
2020-10-13,-0.004392401463851791,,0
2020-10-14,-0.001995647383670067,,0
2020-10-15,-0.0037150067220742297,,0
2020-10-16,-0.005628038181591119,,0
2020-10-19,-0.018246014248181053,,0
2020-10-20,0.0018497799989286858,,0
2020-10-21,-0.0027407665566140083,,0
2020-10-22,-0.006554044669909861,,0
2020-10-23,0.0020527100811074265,,0
2020-10-26,-0.006502599256559485,,0
2020-10-27,0.011682218395990695,,0
2020-10-28,-0.03244065354726682,,0
2020-10-29,0.012213526358641192,,0
2020-10-30,-0.026204743805234194,,0
2020-11-02,0.0019811308361141044,,0
2020-11-03,0.009826710154902142,,0
2020-11-04,0.03620192707442494,,0
2020-11-05,0.02266802798403461,,0
2020-11-06,-0.003790421536009784,,0
2020-11-09,-0.021840583249064474,,0
2020-11-10,-0.014391302262272206,,0
2020-11-11,0.01980671144441461,,0
2020-11-12,0.00312966392434893,,0
2020-11-13,0.001348986228378127,,0
2020-11-16,0.0031988971434016395,,0
2020-11-17,-0.004639814894314183,,0
2020-11-18,-0.007278546478838682,,0
2020-11-19,0.005539408145422605,,0
2020-11-20,-0.0039299793641686745,,0
2020-11-23,-0.01203917913162098,,0
2020-11-24,0.0064052753926556695,,0
2020-11-25,0.0014678153664234765,,0
2020-11-27,0.006937302081108212,,0
2020-11-30,0.0047421705850164185,,0
2020-12-01,0.008484796981065428,,0
2020-12-02,-0.002977191368307562,,0
2020-12-03,0.0005445616025770583,,0
2020-12-04,-0.006614489035617947,,0
2020-12-07,0.006949552987245319,,0
2020-12-08,0.005929179553598304,,0
2020-12-09,-0.014706093601392337,,0
2020-12-10,0.0048934554685989414,,0
2020-12-11,0.0032356893616464033,,0
2020-12-14,-0.001179030354337514,,0
2020-12-15,0.015065400035427218,,0
2020-12-16,0.00685119847076014,,0
2020-12-17,0.0016427338044300204,,0
2020-12-18,-0.007589754045253967,,0
2020-12-21,0.011470262653206676,,0
2020-12-22,0.013087151317836276,,0
2020-12-23,-0.009019770987410587,,0
2020-12-24,0.006476434193634503,,0
2020-12-28,0.015152832517806374,,0
2020-12-29,-0.006094470801490889,,0
2020-12-30,-0.005827724423673687,-0.04578828876891038,0
2020-12-31,-0.0009801331488943413,-0.04578828876891038,0
2021-01-04,-0.015909945733030492,-0.04578828876891038,0
2021-01-05,0.0019325547499995383,-0.04578828876891038,0
2021-01-06,-0.027084780197871635,-0.04578828876891038,0
2021-01-07,0.017586543797737216,-0.04578828876891038,0
2021-01-08,0.0038119392529914506,-0.04578828876891038,0
2021-01-11,-0.011640891297748614,-0.04578828876891038,0
2021-01-12,-0.004677281917828835,-0.04578828876891038,0
2021-01-13,0.011278180836839053,-0.04578828876891038,0
2021-01-14,-0.013373341190721791,-0.04578828876891038,0
2021-01-15,-0.0038681145479472602,-0.04578828876891038,0
2021-01-19,0.008766739252948965,-0.04578828876891038,0
2021-01-20,0.023053932807171752,-0.04578828876891038,0
2021-01-21,0.010588028329804523,-0.04578828876891038,0
2021-01-22,0.007841331641714626,-0.04578828876891038,0
2021-01-25,0.018248146381796077,-0.04578828876891038,0
2021-01-26,0.003971221616014407,-0.04578828876891038,0
2021-01-27,-0.0009078312905101169,-0.04578828876891038,0
2021-01-28,-0.005197939513728416,-0.04578828876891038,0
2021-01-29,-0.024592824075158917,-0.04578828876891038,0
2021-02-01,0.016719417434243013,-0.04578828876891038,0
2021-02-02,-0.0002452363305023627,-0.04578828876891038,0
2021-02-03,-0.0007517852803093838,-0.04578828876891038,0
2021-02-04,0.0062244027251057,-0.04578828876891038,0
2021-02-05,-0.0035756548537715753,-0.04578828876891038,0
2021-02-08,0.0021970909575603844,-0.04578828876891038,0
2021-02-09,-0.00016924338744900131,-0.04578828876891038,0
2021-02-10,-0.0006139654508624478,-0.04578828876891038,0
2021-02-11,-0.00018613142748046373,-0.04578828876891038,0
2021-02-12,-0.0028930634505220224,-0.04578828876891038,0
2021-02-16,-0.012286280422782753,-0.04578828876891038,0
2021-02-17,-0.0023736046540120855,-0.04578828876891038,0
2021-02-18,-0.004803311619690013,-0.04578828876891038,0
2021-02-19,-0.007927684332991994,-0.04578828876891038,0
2021-02-22,-0.021687764700742043,-0.04578828876891038,0
2021-02-23,-0.003100221133610489,-0.04578828876891038,0
2021-02-24,-0.0017232340781072478,-0.04578828876891038,0
2021-02-25,-0.025286162620929885,-0.04513205229722556,0
2021-02-26,0.016483144382275897,-0.04513205229722556,0
2021-03-01,0.01952961517147864,-0.04513205229722556,0
2021-03-02,-0.011361906647734017,-0.04513205229722556,0
2021-03-03,-0.021005595450757388,-0.04513205229722556,0
2021-03-04,-0.008687767612791277,-0.04513205229722556,0
2021-03-05,0.011292904650240215,-0.04513205229722556,0
2021-03-08,-0.022905629543786873,-0.04513205229722556,0
2021-03-09,0.027107117036290446,-0.04513205229722556,0
2021-03-10,-0.004347144393312461,-0.04513205229722556,0
2021-03-11,0.00973027158038964,-0.04085788342263363,0
2021-03-12,-0.011647009584175387,-0.04085788342263363,0
2021-03-15,0.008676509319518508,-0.036152182300723444,0
2021-03-16,0.006970291471643093,-0.036152182300723444,0
2021-03-17,-0.005601852508576769,-0.030537625308057658,0
2021-03-18,-0.023898395045722554,-0.030537625308057658,0
2021-03-19,2.7762694311159564e-05,-0.030537625308057658,0
2021-03-22,0.021091678100472976,-0.030537625308057658,0
2021-03-23,0.002929657838628148,-0.030537625308057658,0
2021-03-24,-0.007930594140169443,-0.030537625308057658,0
2021-03-25,-0.005700392510662541,-0.030537625308057658,0
2021-03-26,0.006428039530138451,-0.030537625308057658,0
2021-03-29,-0.004099352250650469,-0.030537625308057658,0
2021-03-30,-0.007213337871656071,-0.030537625308057658,0
2021-03-31,0.009920945081342626,-0.030537625308057658,0
2021-04-01,0.01697388509642579,-0.030537625308057658,0
2021-04-05,0.015427262029863883,-0.030537625308057658,0
2021-04-06,0.001453044888936485,-0.030537625308057658,0
2021-04-07,0.004836330462277512,-0.030537625308057658,0
2021-04-08,0.013529546634839382,-0.030537625308057658,0
2021-04-09,0.008878195816596901,-0.030537625308057658,0
2021-04-12,-0.004507789202058174,-0.030537625308057658,0
2021-04-13,0.013837439146481301,-0.030537625308057658,0
2021-04-14,-0.010826350373885487,-0.030537625308057658,0
2021-04-15,0.016770937733665673,-0.030537625308057658,0
2021-04-16,-0.0018533637085121582,-0.030537625308057658,0
2021-04-19,-0.0018403183856753975,-0.030537625308057658,0
2021-04-20,-0.0033905220124956243,-0.030537625308057658,0
2021-04-21,0.004624676263377447,-0.030537625308057658,0
2021-04-22,-0.00685748620870052,-0.030537625308057658,0
2021-04-23,0.01029411542795712,-0.030537625308057658,0
2021-04-26,0.0010249141280396909,-0.030537625308057658,0
2021-04-27,-0.0032030786663420356,-0.030537625308057658,0
2021-04-28,-0.011363255288057103,-0.030537625308057658,0
2021-04-29,-0.003931506184577954,-0.030537625308057658,0
2021-04-30,-0.004748678990330833,-0.030537625308057658,0
2021-05-03,0.0025037621493575277,-0.030537625308057658,0
2021-05-04,-0.015185162090864611,-0.030537625308057658,0
2021-05-05,-0.0005798930299259013,-0.030537625308057658,0
2021-05-06,0.009168703459802759,-0.030537625308057658,0
2021-05-07,0.003747366355559386,-0.030537625308057658,0
2021-05-10,-0.01915261328931536,-0.030537625308057658,0
2021-05-11,-0.005654901605753151,-0.030537625308057658,0
2021-05-12,-0.02187336671757582,-0.030537625308057658,0
2021-05-13,0.01200987473168033,-0.030537625308057658,0
2021-05-14,0.016602381522245583,-0.030537625308057658,0
2021-05-17,-0.007820209639539187,-0.030537625308057658,0
2021-05-18,-0.007491011654221601,-0.030537625308057658,0
2021-05-19,-0.0004110157185831119,-0.030537625308057658,0
2021-05-20,0.014238266666293008,-0.030537625308057658,0
2021-05-21,-0.005668307833121485,-0.030537625308057658,0
2021-05-24,0.013182751284602542,-0.030537625308057658,0
2021-05-25,0.0037955292344944267,-0.030537625308057658,0
2021-05-26,-0.0010100203151601494,-0.030537625308057658,0
2021-05-27,-0.008396975728850814,-0.030537625308057658,0
2021-05-28,-0.001822348086553938,-0.030537625308057658,0
2021-06-01,-0.004016533220817289,-0.030537625308057658,0
2021-06-02,0.0027215752440426177,-0.030537625308057658,0
2021-06-03,-0.007479940704651877,-0.030537625308057658,0
2021-06-04,0.01763622228964692,-0.030537625308057658,0
2021-06-07,0.002990768602525612,-0.030537625308057658,0
2021-06-08,0.0029180075120888867,-0.030537625308057658,0
2021-06-09,0.0052976769026554,-0.030537625308057658,0
2021-06-10,0.004071993419096296,-0.029816275606063168,0
2021-06-11,0.0035643596073235665,-0.029816275606063168,0
2021-06-14,0.00810574616672668,-0.029816275606063168,0
2021-06-15,-0.004522436930155211,-0.029816275606063168,0
2021-06-16,-0.00024179763678784934,-0.029816275606063168,0
2021-06-17,0.013655543264055867,-0.029816275606063168,0
2021-06-18,0.0009461521302893012,-0.029816275606063168,0
2021-06-21,0.003126401062756979,-0.029816275606063168,0
2021-06-22,0.008654816144725781,-0.029816275606063168,0
2021-06-23,-0.0018584910246654057,-0.029816275606063168,0
2021-06-24,0.001590598997808692,-0.029816275606063168,0
2021-06-25,-0.006323741382753525,-0.029816275606063168,0
2021-06-28,0.012186945666720473,-0.029816275606063168,0
2021-06-29,0.007676851522416913,-0.029816275606063168,0
2021-06-30,0.0024032204406028265,-0.029816275606063168,0
2021-07-01,0.0016324173262601857,-0.029816275606063168,0
2021-07-02,0.015818027319925123,-0.029816275606063168,0
2021-07-06,0.00876668933683783,-0.029816275606063168,0
2021-07-07,0.011586087754480641,-0.029816275606063168,0
2021-07-08,-0.0047796373335746,-0.029816275606063168,0
2021-07-09,0.00022686354518881873,-0.029816275606063168,0
2021-07-12,-0.0025810906720688974,-0.029816275606063168,0
2021-07-13,0.00442879388052251,-0.029816275606063168,0
2021-07-14,0.013514372221012221,-0.029816275606063168,0
2021-07-15,0.00040521329541113433,-0.029816275606063168,0
2021-07-16,-0.0056867240465625106,-0.029816275606063168,0
2021-07-19,-0.006334193891685059,-0.029816275606063168,0
2021-07-20,0.008086606650705801,-0.029816275606063168,0
2021-07-21,-0.0034910489232507836,-0.029816275606063168,0
2021-07-22,0.011898521062105412,-0.029816275606063168,0
2021-07-23,0.005822394174541161,-0.029816275606063168,0
2021-07-26,-0.0007398821393040414,-0.029816275606063168,0
2021-07-27,-0.0043729868557240035,-0.029816275606063168,0
2021-07-28,-0.004440513704385956,-0.029816275606063168,0
2021-07-29,-1.3921819306677809e-05,-0.029816275606063168,0
2021-07-30,0.00021222427526227037,-0.029816275606063168,0
2021-08-02,0.0020766090664386385,-0.029816275606063168,0
2021-08-03,0.007046372038581825,-0.029816275606063168,0
2021-08-04,-0.000953001259777232,-0.029816275606063168,0
2021-08-05,0.002029604336362431,-0.029816275606063168,0
2021-08-06,-0.007275743883463287,-0.029816275606063168,0
2021-08-09,-0.002615739375950181,-0.029816275606063168,0
2021-08-10,-0.004854860948377695,-0.029816275606063168,0
2021-08-11,0.0009830921861904245,-0.029816275606063168,0
2021-08-12,0.009612592503743524,-0.029816275606063168,0
2021-08-13,0.009172189349647275,-0.029816275606063168,0
2021-08-16,0.007278745908386719,-0.029816275606063168,0
2021-08-17,-0.0039164455257224,-0.029816275606063168,0
2021-08-18,-0.009538646022261392,-0.029816275606063168,0
2021-08-19,0.01007352452825701,-0.029816275606063168,0
2021-08-20,0.01200790880905268,-0.029816275606063168,0
2021-08-23,0.0034977274101331878,-0.029816275606063168,0
2021-08-24,-0.005031419285757254,-0.029816275606063168,0
2021-08-25,-0.006272165348174148,-0.029816275606063168,0
2021-08-26,-0.004164085625912573,-0.029816275606063168,0
2021-08-27,0.005347823537409992,-0.029816275606063168,0
2021-08-30,0.015133139917834796,-0.029816275606063168,0
2021-08-31,-0.006979744103047265,-0.029816275606063168,0
2021-09-01,0.001992478706286807,-0.029816275606063168,0
2021-09-02,0.003182546853121121,-0.026653562365479288,0
2021-09-03,-0.0016493130727725182,-0.026653562365479288,0
2021-09-07,0.0012353387121626434,-0.025754639024925082,0
2021-09-08,-0.001084075157996981,-0.025754639024925082,0
2021-09-09,-0.0015361045775557835,-0.025754639024925082,0
2021-09-10,-0.015903806574494292,-0.025754639024925082,0
2021-09-13,0.004750405157091278,-0.025754639024925082,0
2021-09-14,0.003941939579997989,-0.025754639024925082,0
2021-09-15,0.006416845869964227,-0.025754639024925082,0
2021-09-16,-0.0016309448875339687,-0.025754639024925082,0
2021-09-17,-0.013672571155627698,-0.025754639024925082,0
2021-09-20,-0.009338736664556016,-0.025754639024925082,0
2021-09-21,0.001419556916919549,-0.025754639024925082,0
2021-09-22,0.011806412859074833,-0.025754639024925082,0
2021-09-23,-0.004294178575103567,-0.025754639024925082,0
2021-09-24,-0.003303569387121358,-0.025754639024925082,0
2021-09-27,-0.01058133115772385,-0.025754639024925082,0
2021-09-28,-0.025554651505714874,-0.025754639024925082,0
2021-09-29,0.0032957444801529163,-0.025886198578469726,0
2021-09-30,-0.005615009262998637,-0.025886198578469726,0
2021-10-01,0.013874953924331655,-0.025886198578469726,0
2021-10-04,-0.016133352083182593,-0.025886198578469726,0
2021-10-05,0.008038871488307594,-0.025886198578469726,0
2021-10-06,0.00895477006409464,-0.025886198578469726,0
2021-10-07,0.0014831960300970204,-0.025886198578469726,0
2021-10-08,-0.0032496677514796406,-0.025886198578469726,0
2021-10-11,-0.0017583344700215745,-0.025886198578469726,0
2021-10-12,0.0010705452631121265,-0.025886198578469726,0
2021-10-13,0.005691029469966374,-0.025886198578469726,0
2021-10-14,0.015078093000749169,-0.025886198578469726,0
2021-10-15,0.002150589711745434,-0.025886198578469726,0
2021-10-18,0.008829307193540543,-0.025886198578469726,0
2021-10-19,0.001377214861087368,-0.025886198578469726,0
2021-10-20,-0.00202724091037679,-0.025886198578469726,0
2021-10-21,0.0037065167803293215,-0.025886198578469726,0
2021-10-22,0.000163729999041272,-0.025886198578469726,0
2021-10-25,-0.0017332866558884715,-0.025886198578469726,0
2021-10-26,0.006401474897041874,-0.025886198578469726,0
2021-10-27,0.018709929853612427,-0.02542309195217023,0
2021-10-28,0.008312978754656126,-0.02542309195217023,0
2021-10-29,0.002298539127611568,-0.02494642673350211,0
2021-11-01,-0.0065522727630543,-0.02494642673350211,0
2021-11-02,0.007623392897985987,-0.02494642673350211,0
2021-11-03,0.0006572475412054654,-0.02494642673350211,0
2021-11-04,0.004743071335210274,-0.02494642673350211,0
2021-11-05,0.005763608981061407,-0.02494642673350211,0
2021-11-08,-0.0015603166419502353,-0.02494642673350211,0
2021-11-09,0.004099865813346687,-0.02494642673350211,0
2021-11-10,-0.017749930039464522,-0.02494642673350211,0
2021-11-11,0.001030516965627924,-0.02494642673350211,0
2021-11-12,0.00755172397694717,-0.02494642673350211,0
2021-11-15,-0.004833937571088947,-0.02494642673350211,0
2021-11-16,0.004760752477681311,-0.02494642673350211,0
2021-11-17,0.008309152834610837,-0.02494642673350211,0
2021-11-18,0.012736613015809532,-0.02494642673350211,0
2021-11-19,0.010904370163830739,-0.02494642673350211,0
2021-11-22,-0.006159942332761086,-0.02494642673350211,0
2021-11-23,-0.006163992213155409,-0.02494642673350211,0
2021-11-24,0.006628804846039027,-0.02494642673350211,0
2021-11-26,-0.01063099792317918,-0.02494642673350211,0
2021-11-29,0.011476431619405815,-0.02494642673350211,0
2021-11-30,0.009357175324534893,-0.02494642673350211,0
2021-12-01,0.0004647649232585488,-0.02494642673350211,0
2021-12-02,-0.002230402346825685,-0.02494642673350211,0
2021-12-03,-0.006598373171181341,-0.02494642673350211,0
2021-12-06,0.005747192272904447,-0.02494642673350211,0
2021-12-07,0.017710582770685827,-0.02494642673350211,0
2021-12-08,0.001746965978938843,-0.02494642673350211,0
2021-12-09,-0.0009982897523451307,-0.02494642673350211,0
2021-12-10,0.017719414427831762,-0.02494642673350211,0
2021-12-13,-0.005143223321844432,-0.02494642673350211,0
2021-12-14,-0.014523759869825395,-0.02494642673350211,0
2021-12-15,0.01249264604693871,-0.02494642673350211,0
2021-12-16,-0.023078108966072357,-0.02494642673350211,0
2021-12-17,0.00045130532599318166,-0.02494642673350211,0
2021-12-20,-0.009253987441739213,-0.02494642673350211,0
2021-12-21,0.012633008640101393,-0.02494642673350211,0
2021-12-22,0.012571710397045468,-0.02494642673350211,0
2021-12-23,-0.00020534194137933277,-0.02494642673350211,0
2021-12-27,0.016018845142446562,-0.02494642673350211,0
2021-12-28,-0.004421587186768225,-0.02494642673350211,0
2021-12-29,-0.0028112787347456354,-0.02494642673350211,0
2021-12-30,-0.001989937569582577,-0.02494642673350211,0
2021-12-31,-0.003487690432481291,-0.02494642673350211,0
2022-01-03,-0.0021943702840956014,-0.02494642673350211,0
2022-01-04,-0.011411705793178373,-0.024252553850735097,0
2022-01-05,-0.023849080620184267,-0.024252553850735097,0
2022-01-06,-0.0073938689154748344,-0.024252553850735097,0
2022-01-07,-0.0019055762088118473,-0.024252553850735097,0
2022-01-10,0.001101897995634974,-0.024252553850735097,0
2022-01-11,0.00851342567049331,-0.024252553850735097,0
2022-01-12,0.0030398498072377925,-0.024252553850735097,0
2022-01-13,-0.017871569988927104,-0.024252553850735097,0
2022-01-14,0.0024779965528603956,-0.024252553850735097,0
2022-01-18,-0.01929640626434623,-0.024252553850735097,0
2022-01-19,-0.004035057629589251,-0.024252553850735097,0
2022-01-20,-0.0033240561428239885,-0.024252553850735097,0
2022-01-21,-0.006550788725493967,-0.024252553850735097,0
2022-01-24,-0.003992522714761392,-0.024252553850735097,0
2022-01-25,-0.013338151738733539,-0.024252553850735097,0
2022-01-26,0.005121424780580468,-0.024252553850735097,0
2022-01-27,0.008580814026245595,-0.023874230977208793,0
2022-01-28,0.03183168152047671,-0.023874230977208793,0
2022-01-31,0.009797191445202216,-0.023874230977208793,0
2022-02-01,-0.0038208648283007103,-0.023874230977208793,0
2022-02-02,0.008502777641506407,-0.023874230977208793,0
2022-02-03,-0.02147639096454271,-0.023874230977208793,0
2022-02-04,-0.0003613800974668604,-0.023874230977208793,0
2022-02-07,-0.006680327499817761,-0.023874230977208793,0
2022-02-08,0.00783797970059075,-0.023874230977208793,0
2022-02-09,0.010579728862515164,-0.023874230977208793,0
2022-02-10,-0.02289513749432206,-0.023874230977208793,0
2022-02-11,-0.01009328689679325,-0.023874230977208793,0
2022-02-14,-0.003744227129362205,-0.023874230977208793,0
2022-02-15,0.009947662509219348,-0.023874230977208793,0
2022-02-16,0.0011171031454668856,-0.023874230977208793,0
2022-02-17,-0.014602217916171967,-0.023874230977208793,0
2022-02-18,-0.00286847875572828,-0.023874230977208793,0
2022-02-22,-0.005367202873235577,-0.023874230977208793,0
2022-02-23,-0.022105474101640255,-0.02347130450966943,0
2022-02-24,0.02234409839326608,-0.02347130450966943,0
2022-02-25,0.007601094531742556,-0.02347130450966943,0
2022-02-28,0.009428208509477518,-0.02347130450966943,0
2022-03-01,-0.004378615332181743,-0.02347130450966943,0
2022-03-02,0.001069462546987674,-0.02347130450966943,0
2022-03-03,-0.0020587607738548055,-0.02347130450966943,0
2022-03-04,-0.007384695915338826,-0.02347130450966943,0
2022-03-07,-0.023390192893015856,-0.02347130450966943,0
2022-03-08,-0.010962449337895482,-0.023624225633871745,0
2022-03-09,0.023129657978750162,-0.023624225633871745,0
2022-03-10,-0.017390832652901415,-0.023624225633871745,0
2022-03-11,-0.01345834078220426,-0.023624225633871745,0
2022-03-14,-0.021197845952323095,-0.023624225633871745,0
2022-03-15,0.02183645180951943,-0.023624225633871745,0
2022-03-16,0.021087845926380258,-0.02323727176881354,0
2022-03-17,0.0005888355450473009,-0.02323727176881354,0
2022-03-18,0.016778741273267197,-0.02323727176881354,0
2022-03-21,-0.00638800818397719,-0.02323727176881354,0
2022-03-22,0.007979740231562222,-0.02323727176881354,0
2022-03-23,0.004911443578235736,-0.02323727176881354,0
2022-03-24,0.009945503350634953,-0.02323727176881354,0
2022-03-25,-0.0038749203965433546,-0.02323727176881354,0
2022-03-28,0.012130160111775543,-0.02323727176881354,0
2022-03-29,0.013841122286354165,-0.02323727176881354,0
2022-03-30,-0.0012756692856240486,-0.02323727176881354,0
2022-03-31,-0.011116929149923592,-0.02323727176881354,0
2022-04-01,0.0018912151277084774,-0.02323727176881354,0
2022-04-04,0.011406984283616781,-0.02323727176881354,0
2022-04-05,-0.018348635556597704,-0.02323727176881354,0
2022-04-06,-0.021347517843462577,-0.02323727176881354,0
2022-04-07,0.00015521164732869527,-0.02323727176881354,0
2022-04-08,-0.012525964525629927,-0.02323727176881354,0
2022-04-11,-0.02734281106093039,-0.02323727176881354,1
2022-04-12,-0.00040168711700099246,-0.023624225633871745,0
2022-04-13,0.012587209867729567,-0.023624225633871745,0
2022-04-14,-0.026051453573922207,-0.023624225633871745,1
2022-04-18,-0.0012834504359183975,-0.02471892177180487,0
2022-04-19,0.007797951350757505,-0.02471892177180487,0
2022-04-20,0.007539437458625867,-0.02471892177180487,0
2022-04-21,-0.010617468178112764,-0.02471892177180487,0
2022-04-22,-0.019656671375726374,-0.02471892177180487,0
2022-04-25,0.013595281487186068,-0.02471892177180487,0
2022-04-26,-0.022049084075548415,-0.02471892177180487,0
2022-04-27,0.010870159756192344,-0.02471892177180487,0
2022-04-28,0.02267816120983653,-0.02471892177180487,0
2022-04-29,-0.031020216846397206,-0.02471892177180487,1
2022-05-02,0.003071188496031103,-0.025808020560500612,0
2022-05-03,0.0022649420071266285,-0.025808020560500612,0
2022-05-04,0.02478980945722729,-0.025808020560500612,0
2022-05-05,-0.043213541525703746,-0.025808020560500612,1
2022-05-06,-0.006539977597128478,-0.026710045892296377,0
2022-05-09,-0.020879719215996625,-0.026710045892296377,0
2022-05-10,0.014478964676456013,-0.026710045892296377,0
2022-05-11,-0.022639219965693756,-0.026710045892296377,0
2022-05-12,-0.01642976238096688,-0.026710045892296377,0
2022-05-13,0.012957101187136959,-0.026710045892296377,0
2022-05-16,-0.003436917212077168,-0.026710045892296377,0
2022-05-17,0.011029290211553081,-0.026710045892296377,0
2022-05-18,-0.02785952955319643,-0.026710045892296377,1
2022-05-19,-0.008754634644744881,-0.02760633749198607,0
2022-05-20,0.003579337359403374,-0.02760633749198607,0
2022-05-23,0.018091147900794823,-0.02760633749198607,0
2022-05-24,-0.0012740212437019854,-0.02760633749198607,0
2022-05-25,0.0053980198960979844,-0.02760633749198607,0
2022-05-26,0.010397383126221328,-0.02760633749198607,0
2022-05-27,0.023205464923600802,-0.02760633749198607,0
2022-05-31,-0.010592230235941984,-0.02760633749198607,0
2022-06-01,1.2579475657602035e-06,-0.02760633749198607,0
2022-06-02,0.008361669665056885,-0.02760633749198607,0
2022-06-03,-0.019405893833889683,-0.02760633749198607,0
2022-06-06,-0.0060386552642086614,-0.02760633749198607,0
2022-06-07,0.014010735527946247,-0.02760633749198607,0
2022-06-08,-0.0072183412513080894,-0.02760633749198607,0
2022-06-09,-0.018098434087664712,-0.02760633749198607,0
2022-06-10,-0.030401051264774673,-0.02760633749198607,1
2022-06-13,-0.03808578859710257,-0.029155705626101328,1
2022-06-14,0.0010399599456550881,-0.030716825711402163,0
2022-06-15,0.022565948290932676,-0.030716825711402163,0
2022-06-16,-0.019963739941513754,-0.030716825711402163,0
2022-06-17,0.008521617784390104,-0.030716825711402163,0
2022-06-21,0.013143913794072773,-0.030716825711402163,0
2022-06-22,0.006962518638032752,-0.030716825711402163,0
2022-06-23,0.01730323629790376,-0.030716825711402163,0
2022-06-24,0.014620568105606182,-0.030716825711402163,0
2022-06-27,-0.006372432973100175,-0.030716825711402163,0
2022-06-28,-0.01928599234719806,-0.030716825711402163,0
2022-06-29,0.014352687581072669,-0.030716825711402163,0
2022-06-30,-0.007571822377927295,-0.030716825711402163,0
2022-07-01,0.01230002855408776,-0.030716825711402163,0
2022-07-05,0.01303280269416132,-0.030716825711402163,0
2022-07-06,0.0017766857200594772,-0.030716825711402163,0
2022-07-07,0.007689870392484794,-0.030716825711402163,0
2022-07-08,-0.0030649400904903235,-0.030716825711402163,0
2022-07-11,-0.003203012481055065,-0.030716825711402163,0
2022-07-12,-0.00970330673947429,-0.030716825711402163,0
2022-07-13,0.0017030114100797637,-0.030716825711402163,0
2022-07-14,0.0058168725142877555,-0.030716825711402163,0
2022-07-15,0.009111399130191947,-0.030716825711402163,0
2022-07-18,-0.013666883390490063,-0.030716825711402163,0
2022-07-19,0.013838777707184708,-0.030716825711402163,0
2022-07-20,0.008847539052532718,-0.030716825711402163,0
2022-07-21,0.013953700483555353,-0.030716825711402163,0
2022-07-22,-0.0028443557912086353,-0.030716825711402163,0
2022-07-25,-0.007717476111274637,-0.030716825711402163,0
2022-07-26,-0.011746194145435564,-0.030716825711402163,0
2022-07-27,0.030913338202285284,-0.030716825711402163,0
2022-07-28,0.01321193654653586,-0.030716825711402163,0
2022-07-29,0.01502980573500917,-0.030716825711402163,0
2022-08-01,0.002617848035493816,-0.030716825711402163,0
2022-08-02,-0.01408592583106246,-0.030716825711402163,0
2022-08-03,0.026870669612651416,-0.030716825711402163,0
2022-08-04,0.0006351696270352913,-0.030716825711402163,0
2022-08-05,-0.009364704977126886,-0.030716825711402163,0
2022-08-08,0.0013029313246115213,-0.030716825711402163,0
2022-08-09,0.0011491489385260204,-0.030716825711402163,0
2022-08-10,0.01443808882114177,-0.030716825711402163,0
2022-08-11,-0.01181836222644556,-0.030716825711402163,0
2022-08-12,0.016061010257772002,-0.030716825711402163,0
2022-08-15,0.003592340598734171,-0.030716825711402163,0
2022-08-16,0.00021065588777823617,-0.030716825711402163,0
2022-08-17,-0.0014618835497405116,-0.030716825711402163,0
2022-08-18,-0.001589682399277085,-0.030716825711402163,0
2022-08-19,-0.015133745079105837,-0.030716825711402163,0
2022-08-22,-0.018820132268493564,-0.030716825711402163,0
2022-08-23,-0.004092630821240048,-0.030716825711402163,0
2022-08-24,-0.0026356618867475925,-0.030716825711402163,0
2022-08-25,0.01322899231431464,-0.030716825711402163,0
2022-08-26,-0.02342363050240757,-0.030716825711402163,0
2022-08-29,-0.010939097125002982,-0.030716825711402163,0
2022-08-30,-0.007166469681198549,-0.030716825711402163,0
2022-08-31,-0.008673218272774301,-0.030716825711402163,0
2022-09-01,-0.005960890100208354,-0.030716825711402163,0
2022-09-02,-0.00829004404859211,-0.030716825711402163,0
2022-09-06,-0.014788143042608896,-0.030716825711402163,0
2022-09-07,0.014611463186327459,-0.030716825711402163,0
2022-09-08,-0.006103357737389659,-0.030716825711402163,0
2022-09-09,0.014533149338847596,-0.030716825711402163,0
2022-09-12,0.01259366110082058,-0.030716825711402163,0
2022-09-13,-0.038231473370587084,-0.030716825711402163,1
2022-09-14,0.0046176725291847435,-0.03462365843925693,0
2022-09-15,-0.015751174668005307,-0.03462365843925693,0
2022-09-16,-0.0073342280729672945,-0.03462365843925693,0
2022-09-19,0.00873545689235034,-0.03462365843925693,0
2022-09-20,-0.0009926969182709306,-0.03462365843925693,0
2022-09-21,-0.0061342552993786156,-0.03462365843925693,0
2022-09-22,-0.007938705713790701,-0.03462365843925693,0
2022-09-23,-0.007980891898971717,-0.03462365843925693,0
2022-09-26,-0.006338437206746167,-0.03462365843925693,0
2022-09-27,-0.008176185641534666,-0.03462365843925693,0
2022-09-28,0.01324036449492047,-0.03462365843925693,0
2022-09-29,-0.023491770167383928,-0.03462365843925693,0
2022-09-30,-0.0210177271707995,-0.03462365843925693,0
2022-10-03,0.026387284738879253,-0.03462365843925693,0
2022-10-04,0.018585625729667245,-0.03462365843925693,0
2022-10-05,-0.0020904558665547327,-0.03462365843925693,0
2022-10-06,-0.007313190047511801,-0.03462365843925693,0
2022-10-07,-0.033118766853100265,-0.03462365843925693,0
2022-10-10,-0.011616247508645592,-0.03565194794254143,0
2022-10-11,-0.007594831275737395,-0.03565194794254143,0
2022-10-12,0.0005956844105673529,-0.03565194794254143,0
2022-10-13,0.020121900627328788,-0.03565194794254143,0
2022-10-14,-0.02186774767292736,-0.03565194794254143,0
2022-10-17,0.02077341050726576,-0.03565194794254143,0
2022-10-18,0.00526099571014776,-0.03565194794254143,0
2022-10-19,-0.008704783846997572,-0.03565194794254143,0
2022-10-20,-0.007303350992438843,-0.03565194794254143,0
2022-10-21,0.011159637402152244,-0.03565194794254143,0
2022-10-24,0.009120655644324679,-0.03565194794254143,0
2022-10-25,0.020515733661395436,-0.03565194794254143,0
2022-10-26,-0.028604405308937316,-0.03565194794254143,0
2022-10-27,-0.01349210441418983,-0.03565194794254143,0
2022-10-28,0.03512313478821869,-0.03565194794254143,0
2022-10-31,-0.012889018443532935,-0.03565194794254143,0
2022-11-01,-0.008534406402769375,-0.03565194794254143,0
2022-11-02,-0.026125866062869763,-0.03565194794254143,0
2022-11-03,-0.02522666201456532,-0.03565194794254143,0
2022-11-04,0.0046300659839464235,-0.03565194794254143,0
2022-11-07,0.007572348292677559,-0.03565194794254143,0
2022-11-08,0.006473504922965106,-0.03565194794254143,0
2022-11-09,-0.016568383436318498,-0.03565194794254143,0
2022-11-10,0.06734917423177599,-0.03565194794254143,0
2022-11-11,0.010756487418985468,-0.03565194794254143,0
2022-11-14,-0.011581099961690414,-0.03565194794254143,0
2022-11-15,0.009862559057012677,-0.03565194794254143,0
2022-11-16,0.005029411339991492,-0.03565194794254143,0
2022-11-17,0.0006909526109830119,-0.03565194794254143,0
2022-11-18,-0.0016772565889976142,-0.03565194794254143,0
2022-11-21,-0.004759069023173676,-0.03565194794254143,0
2022-11-22,0.013627695331231572,-0.03565194794254143,0
2022-11-23,0.011184453810198298,-0.03565194794254143,0
2022-11-25,-0.00784908376550987,-0.03565194794254143,0
2022-11-28,-0.015741929295507946,-0.03565194794254143,0
2022-11-29,-0.013034261957637369,-0.03565194794254143,0
2022-11-30,0.03819230986098129,-0.03565194794254143,0
2022-12-01,0.010523593293561017,-0.03565194794254143,0
2022-12-02,0.003471609994275373,-0.03565194794254143,0
2022-12-05,-0.01373414768320486,-0.03565194794254143,0
2022-12-06,-0.011137459495317147,-0.03565194794254143,0
2022-12-07,0.0021146786476818535,-0.03565194794254143,0
2022-12-08,0.007212722826735053,-0.03565194794254143,0
2022-12-09,-0.01261159216547296,-0.03565194794254143,0
2022-12-12,0.015976408743745493,-0.03565194794254143,0
2022-12-13,0.011227734275928235,-0.03565194794254143,0
2022-12-14,-0.0034094042101005875,-0.03565194794254143,0
2022-12-15,-0.025510810830540607,-0.03565194794254143,0
2022-12-16,-0.014473463575260755,-0.03565194794254143,0
2022-12-19,-0.016821910025008022,-0.03565194794254143,0
2022-12-20,-0.004282284456913763,-0.03565194794254143,0
2022-12-21,0.012286309094635208,-0.03565194794254143,0
2022-12-22,-0.016704307487052542,-0.03565194794254143,0
2022-12-23,-0.005101992946030055,-0.03565194794254143,0
2022-12-27,-0.013796251401086396,-0.03565194794254143,0
2022-12-28,-0.015794314799819027,-0.03565194794254143,0
2022-12-29,0.022157576864834726,-0.03565194794254143,0
2022-12-30,-0.00455693790934895,-0.03565194794254143,0
2023-01-03,-0.006739803084113107,-0.03565194794254143,0
2023-01-04,-0.006953401287369272,-0.03565194794254143,0
2023-01-05,-0.012191622690440461,-0.03565194794254143,0
2023-01-06,0.022026371855224304,-0.03565194794254143,0
2023-01-09,0.006359779780875993,-0.03565194794254143,0
2023-01-10,-0.001550945897552672,-0.03565194794254143,0
2023-01-11,0.022267638678150636,-0.03565194794254143,0
2023-01-12,0.010148676369021193,-0.03565194794254143,0
2023-01-13,0.0012218516260679344,-0.03565194794254143,0
2023-01-17,0.002301542701100383,-0.03565194794254143,0
2023-01-18,-0.00017066927169567974,-0.03565194794254143,0
2023-01-19,-0.007475453882357992,-0.03565194794254143,0
2023-01-20,0.012604481237195769,-0.03565194794254143,0
2023-01-23,0.0094286334868181,-0.03565194794254143,0
2023-01-24,0.007354069373979551,-0.03565194794254143,0
2023-01-25,-0.0027383562343777164,-0.03565194794254143,0
2023-01-26,0.013427634437998636,-0.03565194794254143,0
2023-01-27,0.0039031946411151575,-0.03565194794254143,0
2023-01-30,-0.015383358391948727,-0.03565194794254143,0
2023-01-31,0.012579319142376243,-0.03565194794254143,0
2023-02-01,0.013186028913497372,-0.03565194794254143,0
2023-02-02,0.027834662499903053,-0.03565194794254143,0
2023-02-03,-0.0049551993221576334,-0.03565194794254143,0
2023-02-06,-0.01055253522098991,-0.03565194794254143,0
2023-02-07,0.01738891161955404,-0.03565194794254143,0
2023-02-08,-0.005389623092214567,-0.03565194794254143,0
2023-02-09,-0.009394276050724666,-0.03565194794254143,0
2023-02-10,-0.0035913699939722193,-0.03565194794254143,0
2023-02-13,0.019258836043901557,-0.03565194794254143,0
2023-02-14,-0.0011368218304706184,-0.03565194794254143,0
2023-02-15,-0.0011953809785552273,-0.03565194794254143,0
2023-02-16,-0.017245666791175375,-0.03565194794254143,0
2023-02-17,-0.005184665307827099,-0.03565194794254143,0
2023-02-21,-0.022592812491538484,-0.03565194794254143,0
2023-02-22,0.0024708963726060426,-0.03565194794254143,0
2023-02-23,0.008629370608661202,-0.03565194794254143,0
2023-02-24,-0.017760335926784616,-0.03565194794254143,0
2023-02-27,0.004915868820811107,-0.03565194794254143,0
2023-02-28,-0.0006276590243003236,-0.03565194794254143,0
2023-03-01,-0.01261976990062229,-0.03565194794254143,0
2023-03-02,0.004892106101355645,-0.03565194794254143,0
2023-03-03,0.0249782347278692,-0.03565194794254143,0
2023-03-06,0.005585399442716126,-0.03565194794254143,0
2023-03-07,-0.006378215834364893,-0.03565194794254143,0
2023-03-08,0.002517751686835462,-0.03565194794254143,0
2023-03-09,-0.006009810720257437,-0.03565194794254143,0
2023-03-10,0.0016786087701365538,-0.03565194794254143,0
2023-03-13,0.01222110464721976,-0.03565194794254143,0
2023-03-14,0.008036291046543374,-0.03565194794254143,0
2023-03-15,0.013139259711607038,-0.03565194794254143,0
2023-03-16,0.016801409644472902,-0.03565194794254143,0
2023-03-17,0.007018432746923592,-0.03565194794254143,0
2023-03-20,-0.006525180562714918,-0.03565194794254143,0
2023-03-21,0.0029738045194693035,-0.03565194794254143,0
2023-03-22,-0.00045242710831719173,-0.03565194794254143,0
2023-03-23,0.008825013609612107,-0.03565194794254143,0
2023-03-24,0.007639254421901196,-0.03565194794254143,0
2023-03-27,-0.01706247353010729,-0.03565194794254143,0
2023-03-28,-0.0021129183971381597,-0.03565194794254143,0
2023-03-29,0.012196382220843464,-0.03565194794254143,0
2023-03-30,0.008990906121721175,-0.03565194794254143,0
2023-03-31,0.015081370325944872,-0.03565194794254143,0
2023-04-03,0.002882015735716636,-0.03565194794254143,0
2023-04-04,0.0005101442463825125,-0.03565194794254143,0
2023-04-05,-0.0036308573159878972,-0.03565194794254143,0
2023-04-06,0.011092139924460957,-0.03565194794254143,0
2023-04-10,-0.013321606100798598,-0.03565194794254143,0
2023-04-11,-0.009497216185163885,-0.03565194794254143,0
2023-04-12,-0.001020096411839939,-0.03565194794254143,0
2023-04-13,0.01593255850008538,-0.03565194794254143,0
2023-04-14,-0.0080509022146198,-0.03565194794254143,0
2023-04-17,-0.0008642276120523027,-0.03565194794254143,0
2023-04-18,0.003181264733687315,-0.03565194794254143,0
2023-04-19,0.0020870443583788983,-0.03565194794254143,0
2023-04-20,-0.0018319427506850521,-0.03565194794254143,0
2023-04-21,-0.005562775610012607,-0.03565194794254143,0
2023-04-24,-0.0008521725418947058,-0.03565194794254143,0
2023-04-25,-0.005892371929210464,-0.03565194794254143,0
2023-04-26,0.019718329658849093,-0.03565194794254143,0
2023-04-27,0.016517688874134878,-0.03565194794254143,0
2023-04-28,0.010485031641027131,-0.03565194794254143,0
2023-05-01,-0.011779165525894485,-0.03565194794254143,0
2023-05-02,0.005970943918394616,-0.03565194794254143,0
2023-05-03,-0.0014114380165281652,-0.03565194794254143,0
2023-05-04,-0.00552607924172805,-0.03565194794254143,0
2023-05-05,0.019846588783405658,-0.03178708621482072,0
2023-05-08,-0.006992096770418205,-0.03178708621482072,0
2023-05-09,-0.006321832528974888,-0.03178708621482072,0
2023-05-10,0.012390865591861417,-0.03178708621482072,0
2023-05-11,0.0015137402461996787,-0.03178708621482072,0
2023-05-12,-0.005839678252877777,-0.03178708621482072,0
2023-05-15,-0.003909597176830116,-0.03178708621482072,0
2023-05-16,0.0014439446971756364,-0.03178708621482072,0
2023-05-17,0.00336113839279857,-0.03178708621482072,0
2023-05-18,0.006809896201026285,-0.03178708621482072,0
2023-05-19,-0.0023445370961518107,-0.03178708621482072,0
2023-05-22,-6.0518728265258434e-05,-0.03178708621482072,0
2023-05-23,-0.01033332481273345,-0.03178708621482072,0
2023-05-24,-0.0026043840924327303,-0.03178708621482072,0
2023-05-25,0.013972287825462115,-0.03178708621482072,0
2023-05-26,0.014403698427313988,-0.03178708621482072,0
2023-05-30,0.005161825612372211,-0.03178708621482072,0
2023-05-31,-5.115104874326523e-05,-0.03178708621482072,0
2023-06-01,0.010829920402826612,-0.03178708621482072,0
2023-06-02,0.0007295150954454637,-0.03178708621482072,0
2023-06-05,-0.002618570723393961,-0.03178708621482072,0
2023-06-06,-0.0009786722838006578,-0.03178708621482072,0
2023-06-07,-0.018032020703898054,-0.03178708621482072,0
2023-06-08,0.010924236476918174,-0.03178708621482072,0
2023-06-09,0.001826004058412803,-0.03178708621482072,0
2023-06-12,0.011274035797866637,-0.03090672969646041,0
2023-06-13,-0.00173971668878104,-0.02738992107836421,0
2023-06-14,0.0068463590137120365,-0.02738992107836421,0
2023-06-15,0.01736510053973073,-0.02738992107836421,0
2023-06-16,-0.008827736469824746,-0.02738992107836421,0
2023-06-20,-0.001732777276895583,-0.02738992107836421,0
2023-06-21,-0.005548575729487631,-0.02738992107836421,0
2023-06-22,0.0075053775420542744,-0.02738992107836421,0
2023-06-23,-0.0018981573938772552,-0.02738992107836421,0
2023-06-26,-0.008622229746160127,-0.02738992107836421,0
2023-06-27,0.01011271479476977,-0.02738992107836421,0
2023-06-28,0.004793990661303573,-0.02738992107836421,0
2023-06-29,-0.006267791250263265,-0.02738992107836421,0
2023-06-30,0.016939485999172773,-0.02738992107836421,0
2023-07-03,-0.007005565587890733,-0.02738992107836421,0
2023-07-05,-0.004987728244142411,-0.02738992107836421,0
2023-07-06,-0.0008512905833672568,-0.02738992107836421,0
2023-07-07,-0.007961518711416513,-0.02738992107836421,0
2023-07-10,-0.008572209094184583,-0.02738992107836421,0
2023-07-11,0.0014133741528759983,-0.02738992107836421,0
2023-07-12,0.01138056948846154,-0.02738992107836421,0
2023-07-13,0.010189843009737938,-0.02738992107836421,0
2023-07-14,0.0007939555984391285,-0.02738992107836421,0
2023-07-17,0.006356580237957338,-0.02738992107836421,0
2023-07-18,0.014071913707431409,-0.02738992107836421,0
2023-07-19,0.001978879503715671,-0.02738992107836421,0
2023-07-20,-0.015252524538542383,-0.02738992107836421,0
2023-07-21,-0.004954369177638972,-0.02738992107836421,0
2023-07-24,0.0014859999496816575,-0.02738992107836421,0
2023-07-25,0.006497762685283396,-0.02738992107836421,0
2023-07-26,-0.010947314563665125,-0.02738992107836421,0
2023-07-27,-0.01578002877869703,-0.02738992107836421,0
2023-07-28,0.013802765281573013,-0.02738992107836421,0
2023-07-31,-0.0005680681427037051,-0.02738992107836421,0
2023-08-01,-0.006519485969311293,-0.02738992107836421,0
2023-08-02,-0.017667381737645538,-0.02738992107836421,0
2023-08-03,-0.011086225967274512,-0.02738992107836421,0
2023-08-04,-0.00941049765815954,-0.02738992107836421,0
2023-08-07,-0.0067370799793299,-0.02738992107836421,0
2023-08-08,0.0014897522203222568,-0.02738992107836421,0
2023-08-09,-0.005207439067958997,-0.02738992107836421,0
2023-08-10,-0.0052216965637361485,-0.02738992107836421,0
2023-08-11,-0.002643235384835055,-0.02738992107836421,0
2023-08-14,0.005513174196310743,-0.02738992107836421,0
2023-08-15,-0.008042414035410431,-0.02738992107836421,0
2023-08-16,-0.005086010211952032,-0.02738992107836421,0
2023-08-17,-0.009993489585684101,-0.02738992107836421,0
2023-08-18,0.0016914791448010853,-0.02738992107836421,0
2023-08-21,0.003735127669533288,-0.02738992107836421,0
2023-08-22,0.005772926929592511,-0.02738992107836421,0
2023-08-23,0.02005609040793769,-0.02738992107836421,0
2023-08-24,-0.018289217200898183,-0.02738992107836421,0
2023-08-25,0.008395858557184336,-0.02738992107836421,0
2023-08-28,0.004027917144870791,-0.02738992107836421,0
2023-08-29,0.01545134544981759,-0.02738992107836421,0
2023-08-30,0.006369520165926442,-0.02738992107836421,0
2023-08-31,0.0008310253821400201,-0.02738992107836421,0
2023-09-01,-0.0015104000079494814,-0.02738992107836421,0
2023-09-05,0.0006378105771639739,-0.02738992107836421,0
2023-09-06,-0.012001240774284456,-0.02738992107836421,0
2023-09-07,-0.011959437975670614,-0.02738992107836421,0
2023-09-08,0.00681225403065261,-0.02738992107836421,0
2023-09-11,0.0034294797796868563,-0.02738992107836421,0
2023-09-12,-0.009962473226397586,-0.02738992107836421,0
2023-09-13,0.00023664014425165582,-0.025824488999028474,0
2023-09-14,0.0031084345042339764,-0.025824488999028474,0
2023-09-15,-0.011876981371778372,-0.025824488999028474,0
2023-09-18,0.006312645489448985,-0.025824488999028474,0
2023-09-19,-0.0008309117455623018,-0.025824488999028474,0
2023-09-20,-0.013781220260471074,-0.025824488999028474,0
2023-09-21,-0.012937305542040582,-0.025824488999028474,0
2023-09-22,0.0016769046884643273,-0.025824488999028474,0
2023-09-25,-0.005297601528354437,-0.025824488999028474,0
2023-09-26,-0.014770287780506675,-0.025824488999028474,0
2023-09-27,-0.004015519956888141,-0.025824488999028474,0
2023-09-28,0.002429258921297513,-0.025824488999028474,0
2023-09-29,0.003286473431803209,-0.025824488999028474,0
2023-10-02,0.005608022338375426,-0.025824488999028474,0
2023-10-03,-0.0186761807174923,-0.025824488999028474,0
2023-10-04,0.012969392278189981,-0.025824488999028474,0
2023-10-05,0.0011427878147559007,-0.025824488999028474,0
2023-10-06,0.008962693156660432,-0.025824488999028474,0
2023-10-09,0.01313531842880074,-0.025371577910712716,0
2023-10-10,-0.0030287958881094045,-0.025371577910712716,0
2023-10-11,0.013580364839464986,-0.025371577910712716,0
2023-10-12,-0.008750592118986189,-0.025371577910712716,0
2023-10-13,-0.0010078092037082323,-0.025371577910712716,0
2023-10-16,-0.000693740456643194,-0.025371577910712716,0
2023-10-17,-0.007216913824785974,-0.025371577910712716,0
2023-10-18,-0.0073829269176742054,-0.025371577910712716,0
2023-10-19,-0.006396908359011295,-0.025371577910712716,0
2023-10-20,-0.0077616429278238855,-0.025371577910712716,0
2023-10-23,0.006904987863853639,-0.025371577910712716,0
2023-10-24,0.006432787730886912,-0.025371577910712716,0
2023-10-25,-0.001959774692161358,-0.025371577910712716,0
2023-10-26,-0.01597578481579728,-0.023936075748282166,0
2023-10-27,0.0031728202152098367,-0.023936075748282166,0
2023-10-30,0.010067198723041272,-0.023936075748282166,0
2023-10-31,9.673016198069596e-05,-0.023936075748282166,0
2023-11-01,0.021095205000302934,-0.023936075748282166,0
2023-11-02,0.0165011052919519,-0.020673662922255847,0
2023-11-03,0.0047802208663898765,-0.01848656859436118,0
2023-11-06,0.005089762802777557,-0.01848656859436118,0
2023-11-07,0.013382114715734392,-0.01848656859436118,0
2023-11-08,0.010045583785595454,-0.01848656859436118,0
2023-11-09,-0.010944337908283766,-0.01848656859436118,0
2023-11-10,0.017710401475282158,-0.01848656859436118,0
2023-11-13,-0.006339215859066165,-0.01848656859436118,0
2023-11-14,0.015447373763243644,-0.01848656859436118,0
2023-11-15,-0.0035637517061964745,-0.01848656859436118,0
2023-11-16,0.012927271649090554,-0.01848656859436118,0
2023-11-17,-0.004124575375384503,-0.01848656859436118,0
2023-11-20,0.01187973413193592,-0.01848656859436118,0
2023-11-21,-0.005442273357626259,-0.01848656859436118,0
2023-11-22,0.006589161956688845,-0.01848656859436118,0
2023-11-24,-0.006662076503165369,-0.01848656859436118,0
2023-11-27,0.006246452418331989,-0.01848656859436118,0
2023-11-28,0.005307754799881699,-0.01848656859436118,0
2023-11-29,-0.0010143526066056542,-0.01848656859436118,0
2023-11-30,-0.0028006691063406385,-0.01848656859436118,0
2023-12-01,0.004582453448181676,-0.01848656859436118,0
2023-12-04,-0.0093130271178822,-0.01848656859436118,0
2023-12-05,0.01707237578824069,-0.01848656859436118,0
2023-12-06,-0.0008364948596018187,-0.01848656859436118,0
2023-12-07,0.0033824751082977833,-0.01848656859436118,0
2023-12-08,0.0026572471961834386,-0.01848656859436118,0
2023-12-11,-0.00766326212001997,-0.01848656859436118,0
2023-12-12,0.006371255120992038,-0.01848656859436118,0
2023-12-13,0.013239371336705788,-0.01848656859436118,0
2023-12-14,0.0012117036946179382,-0.01848656859436118,0
2023-12-15,0.0038042985736588377,-0.018163190917368118,0
2023-12-18,-0.0037912228941775973,-0.018163190917368118,0
2023-12-19,0.004118455679164572,-0.018163190917368118,0
2023-12-20,-0.0037059498491618303,-0.018163190917368118,0
2023-12-21,0.00024332406373756417,-0.018163190917368118,0
2023-12-22,-0.0024472493315041656,-0.018163190917368118,0
2023-12-26,6.915460569206985e-05,-0.018163190917368118,0
2023-12-27,0.005502280765207089,-0.018163190917368118,0
2023-12-28,-0.0006120796401645489,-0.018163190917368118,0
2023-12-29,-0.004158900779266512,-0.018163190917368118,0
2024-01-02,-0.018689180063998216,-0.018163190917368118,1
2024-01-03,-0.0013607453820402536,-0.01848656859436118,0
2024-01-04,-0.011765428659613256,-0.01848656859436118,0
2024-01-05,-0.004716454274051025,-0.01848656859436118,0
2024-01-08,0.01746680491167326,-0.01848656859436118,0
2024-01-09,-0.0019103129706843829,-0.01848656859436118,0
2024-01-10,0.00646364975709594,-0.01848656859436118,0
2024-01-11,0.0024064427799305277,-0.01848656859436118,0
2024-01-12,0.0032479522496165767,-0.01848656859436118,0
2024-01-16,-0.008513524176654871,-0.01848656859436118,0
2024-01-17,-0.0029407954658155493,-0.01848656859436118,0
2024-01-18,0.011315635255614345,-0.01848656859436118,0
2024-01-19,0.010240156851282534,-0.01848656859436118,0
2024-01-22,0.0041971255310148895,-0.01848656859436118,0
2024-01-23,0.0015616015407215005,-0.01848656859436118,0
2024-01-24,-7.703258733774657e-05,-0.01848656859436118,0
2024-01-25,0.0035124327292086173,-0.01848656859436118,0
2024-01-26,-0.004431872882487765,-0.01848656859436118,0
2024-01-29,0.007363582945559634,-0.01848656859436118,0
2024-01-30,-0.004390137575094725,-0.01848656859436118,0
2024-01-31,-0.012363682288106585,-0.01848656859436118,0
2024-02-01,0.016050884120369414,-0.01848656859436118,0
2024-02-02,-0.0031660118714550963,-0.01848656859436118,0
2024-02-05,-0.008079842597935653,-0.01848656859436118,0
2024-02-06,0.005975477282349919,-0.01848656859436118,0
2024-02-07,0.005540124029473658,-0.01848656859436118,0
2024-02-08,-0.0038194178232539974,-0.01848656859436118,0
2024-02-09,0.005831657299291401,-0.01848656859436118,0
2024-02-12,-0.0068432526415882185,-0.01848656859436118,0
2024-02-13,-0.016795237886228515,-0.01848656859436118,0
2024-02-14,0.0032913506321711103,-0.01848656859436118,0
2024-02-15,-0.0011997300161155882,-0.01848656859436118,0
2024-02-16,-0.006812839804471037,-0.01848656859436118,0
2024-02-20,-0.0021361933315750406,-0.01848656859436118,0
2024-02-21,-0.0014908973109967237,-0.018163190917368118,0
2024-02-22,0.013108297455897585,-0.018163190917368118,0
2024-02-23,8.478376850534459e-06,-0.018163190917368118,0
2024-02-26,-0.005771132075063924,-0.018163190917368118,0
2024-02-27,0.000285875826291101,-0.018163190917368118,0
2024-02-28,8.998909412351871e-05,-0.018163190917368118,0
2024-02-29,0.005915984211203282,-0.018163190917368118,0
2024-03-01,0.001549840887129657,-0.018163190917368118,0
2024-03-04,-0.010378752444034479,-0.018163190917368118,0
2024-03-05,-0.014910048008418388,-0.018163190917368118,0
2024-03-06,-0.0004787813909991168,-0.018163190917368118,0
2024-03-07,0.005244571812284608,-0.018163190917368118,0
2024-03-08,0.0004159298763596757,-0.018163190917368118,0
2024-03-11,0.0023487184028270036,-0.018163190917368118,0
2024-03-12,0.006876693653221032,-0.018163190917368118,0
2024-03-13,-0.0058300165265184395,-0.018163190917368118,0
2024-03-14,0.006493073586153027,-0.018163190917368118,0
2024-03-15,-0.007811387820232338,-0.018163190917368118,0
2024-03-18,0.0018313555973044448,-0.018163190917368118,0
2024-03-19,0.008682901540633744,-0.018163190917368118,0
2024-03-20,0.007767693770933097,-0.018163190917368118,0
2024-03-21,-0.009958694364296156,-0.018163190917368118,0
2024-03-22,0.004447629123901782,-0.018163190917368118,0
2024-03-25,-0.009052716073713279,-0.018163190917368118,0
2024-03-26,-0.00226129521474488,-0.018163190917368118,0
2024-03-27,0.010112588566510353,-0.018163190917368118,0
2024-03-28,-0.004382145821057616,-0.018163190917368118,0
2024-04-01,-0.0060664369141549285,-0.018163190917368118,0
2024-04-02,-0.006649435405068431,-0.018163190917368118,0
2024-04-03,0.0007387973307559505,-0.018163190917368118,0
2024-04-04,-0.001296316083316692,-0.018163190917368118,0
2024-04-05,0.0028642082822964705,-0.018163190917368118,0
2024-04-08,-0.00299433078959061,-0.018163190917368118,0
2024-04-09,0.006815877462931302,-0.018163190917368118,0
2024-04-10,-0.01344867357851826,-0.018163190917368118,0
2024-04-11,0.016259751336593183,-0.018163190917368118,0
2024-04-12,-9.038630393984383e-05,-0.018163190917368118,0
2024-04-15,-0.019168490682185988,-0.018163190917368118,1
2024-04-16,-0.007914317169887004,-0.01848656859436118,0
2024-04-17,-0.0012582557990146515,-0.01848656859436118,0
2024-04-18,-0.009778503058741549,-0.01848656859436118,0
2024-04-19,-0.007170903351921306,-0.01848656859436118,0
2024-04-22,0.0026645174393343666,-0.01848656859436118,0
2024-04-23,0.007686449417837565,-0.01848656859436118,0
2024-04-24,0.003056749855112078,-0.01848656859436118,0
2024-04-25,-0.008901435615331507,-0.01848656859436118,0
2024-04-26,0.006608938449310471,-0.01848656859436118,0
2024-04-29,0.007596461898411908,-0.01848656859436118,0
2024-04-30,-0.019888085238438564,-0.01848656859436118,1
2024-05-01,0.005195002349620576,-0.018682810384210317,0
2024-05-02,0.011130260145163232,-0.018682810384210317,0
2024-05-03,0.030030313844939246,-0.018682810384210317,0
2024-05-06,0.003838937405780461,-0.018682810384210317,0
2024-05-07,-0.00011279428219272283,-0.018682810384210317,0
2024-05-08,-0.00042999757652070286,-0.018682810384210317,0
2024-05-09,0.006385795774598657,-0.018682810384210317,0
2024-05-10,-0.0022350821492469375,-0.018682810384210317,0
2024-05-13,0.005859337500062033,-0.018682810384210317,0
2024-05-14,0.0062082360403472765,-0.018682810384210317,0
2024-05-15,0.014343932415951327,-0.018682810384210317,0
2024-05-16,-0.0017658933439832377,-0.018682810384210317,0
2024-05-17,-0.002819277398945311,-0.018682810384210317,0
2024-05-20,0.005106338974011134,-0.018682810384210317,0
2024-05-21,0.006879920981463177,-0.018682810384210317,0
2024-05-22,-0.0009743077378379765,-0.018682810384210317,0
2024-05-23,-0.011982554260769284,-0.018682810384210317,0
2024-05-24,0.008928063925476667,-0.018682810384210317,0
2024-05-28,-0.004671523070122197,-0.018682810384210317,0
2024-05-29,-0.004424592006072194,-0.018682810384210317,0
2024-05-30,-0.006503417930403384,-0.018682810384210317,0
2024-05-31,0.004293879269608836,-0.018682810384210317,0
2024-06-03,0.007125166399766577,-0.018682810384210317,0
2024-06-04,0.006469673381568645,-0.018682810384210317,0
2024-06-05,0.011335027064202067,-0.018682810384210317,0
2024-06-06,-0.0024735390385550115,-0.018682810384210317,0
2024-06-07,-0.0025931927072420096,-0.018682810384210317,0
2024-06-10,-0.005527580764879343,-0.018682810384210317,0
2024-06-11,0.03053310686432138,-0.018682810384210317,0
2024-06-12,0.018282010744375462,-0.018682810384210317,0
2024-06-13,0.007082299204986042,-0.018682810384210317,0
2024-06-14,0.0008057887263379673,-0.018682810384210317,0
2024-06-17,0.007507309238220158,-0.018682810384210317,0
2024-06-18,-0.0021499019312455547,-0.018682810384210317,0
2024-06-20,-0.009955084270629553,-0.018682810384210317,0
2024-06-21,-0.00046224999994211156,-0.018682810384210317,0
2024-06-24,0.00082045183347674,-0.018682810384210317,0
2024-06-25,0.004484352301281824,-0.018682810384210317,0
2024-06-26,0.0026956945189275864,-0.018682810384210317,0
2024-06-27,0.003155656813041352,-0.018682810384210317,0
2024-06-28,-0.0160943279751273,-0.018682810384210317,0
2024-07-01,0.010975157914298588,-0.018682810384210317,0
2024-07-02,0.00981084322856741,-0.018682810384210317,0
2024-07-03,0.007360205120127986,-0.018682810384210317,0
2024-07-05,0.01475444135690984,-0.018682810384210317,0
2024-07-08,0.0019496865223363785,-0.018682810384210317,0
2024-07-09,-0.005045537835989317,-0.018682810384210317,0
2024-07-10,0.012086810237272868,-0.018682810384210317,0
2024-07-11,-0.012970232029081503,-0.018682810384210317,0
2024-07-12,0.004900354684106668,-0.018682810384210317,0
2024-07-15,0.0019817112352207853,-0.018682810384210317,0
2024-07-16,0.0019900480727727213,-0.018682810384210317,0
2024-07-17,-0.012948885010304953,-0.018682810384210317,0
2024-07-18,-0.011849922621569814,-0.018682810384210317,0
2024-07-19,-0.004250711982876874,-0.018682810384210317,0
2024-07-22,0.0029260686213687867,-0.018682810384210317,0
2024-07-23,0.0025253101104304202,-0.018682810384210317,0
2024-07-24,-0.025518827642156648,-0.018682810384210317,1
2024-07-25,-0.007146880107881933,-0.01893362847927398,0
2024-07-26,0.008739297791233612,-0.01893362847927398,0
2024-07-29,0.0033579262923568794,-0.01893362847927398,0
2024-07-30,-0.0008541679099966427,-0.01893362847927398,0
2024-07-31,0.00473069257172636,-0.01893362847927398,0
2024-08-01,-0.003757791075329985,-0.01893362847927398,0
2024-08-02,0.005549705595160959,-0.01893362847927398,0
2024-08-05,-0.02576340082299568,-0.01893362847927398,1
2024-08-06,-0.007064985362304904,-0.0195354839058748,0
2024-08-07,0.000799522084699372,-0.0195354839058748,0
2024-08-08,0.006986962704821241,-0.0195354839058748,0
2024-08-09,0.010563680744207233,-0.0195354839058748,0
2024-08-12,0.004225992149772292,-0.0195354839058748,0
2024-08-13,0.013834003233437775,-0.0195354839058748,0
2024-08-14,0.005047645752784984,-0.0195354839058748,0
2024-08-15,0.005697039986608812,-0.0195354839058748,0
2024-08-16,0.0010992382119915036,-0.0195354839058748,0
2024-08-19,0.0037283783758620035,-0.0195354839058748,0
2024-08-20,0.0061350007542692615,-0.0195354839058748,0
2024-08-21,-0.0004775120224375997,-0.0195354839058748,0
2024-08-22,-0.012910121774214658,-0.0195354839058748,0
2024-08-23,0.006580311280086444,-0.0195354839058748,0
2024-08-26,-0.002998500194899179,-0.0195354839058748,0
2024-08-27,0.0009489754803397486,-0.0195354839058748,0
2024-08-28,-0.005287293839856284,-0.0195354839058748,0
2024-08-29,0.005769344564189365,-0.0195354839058748,0
2024-08-30,-0.0014935592697075716,-0.0195354839058748,0
2024-09-03,-0.00999688466805193,-0.0195354839058748,0
2024-09-04,0.000943873014818242,-0.0195354839058748,0
2024-09-05,0.003765308847113884,-0.0195354839058748,0
2024-09-06,-0.007885712243908,-0.0195354839058748,0
2024-09-09,0.004891635667418558,-0.0195354839058748,0
2024-09-10,0.008011342140474425,-0.0195354839058748,0
2024-09-11,0.010613797523108561,-0.0195354839058748,0
2024-09-12,0.00170962985243749,-0.0195354839058748,0
2024-09-13,0.0032840634965574846,-0.0195354839058748,0
2024-09-16,-0.005769107468815701,-0.0195354839058748,0
2024-09-17,0.002038979064846049,-0.0195354839058748,0
2024-09-18,-0.0015557068903212716,-0.0195354839058748,0
2024-09-19,0.01706733431828195,-0.0195354839058748,0
2024-09-20,-0.004864686885089309,-0.0195354839058748,0
2024-09-23,-0.0045958614754871415,-0.0195354839058748,0
2024-09-24,-0.0020994096892752415,-0.0195354839058748,0
2024-09-25,-0.001975897042618947,-0.0195354839058748,0
2024-09-26,0.0018541065514884939,-0.0195354839058748,0
2024-09-27,-0.00042786155909310366,-0.0195354839058748,0
2024-09-30,0.007715744153787868,-0.0195354839058748,0
2024-10-01,-0.01498890157911294,-0.0195354839058748,0
2024-10-02,-0.004814923897291801,-0.0195354839058748,0
2024-10-03,-0.005262374800843355,-0.0195354839058748,0
2024-10-04,-0.0028451848634844035,-0.0195354839058748,0
2024-10-07,-0.015382414100872098,-0.0195354839058748,0
2024-10-08,0.010822475754428679,-0.0195354839058748,0
2024-10-09,0.005822937716088669,-0.0195354839058748,0
2024-10-10,-0.0033313592992484584,-0.0195354839058748,0
2024-10-11,-0.003140109106139675,-0.0195354839058748,0
2024-10-14,0.007947744230939132,-0.0195354839058748,0
2024-10-15,0.007364560465490369,-0.0195354839058748,0
2024-10-16,-0.0036540973406705072,-0.0195354839058748,0
2024-10-17,-0.004311277092971053,-0.0195354839058748,0
2024-10-18,0.005465800427847788,-0.0195354839058748,0
2024-10-21,-0.0032885825979001226,-0.0195354839058748,0
2024-10-22,0.006327356545741835,-0.0195354839058748,0
2024-10-23,-0.010467320300874099,-0.0195354839058748,0
2024-10-24,0.001956767417856474,-0.0195354839058748,0
2024-10-25,0.002009605919428227,-0.0195354839058748,0
2024-10-28,0.0007316800011044177,-0.0195354839058748,0
2024-10-29,0.005055117612388793,-0.0195354839058748,0
2024-10-30,-0.003708177309666861,-0.0195354839058748,0
2024-10-31,-0.026396805190479336,-0.0195354839058748,1
2024-11-01,-0.005907542119728536,-0.022759763864334776,0
2024-11-04,0.002230499022294657,-0.022759763864334776,0
2024-11-05,0.0063602267347873664,-0.022759763864334776,0
2024-11-06,-0.0033571182957098725,-0.022759763864334776,0
2024-11-07,0.015338021919011735,-0.022759763864334776,0
2024-11-08,0.001538642286214682,-0.022759763864334776,0
2024-11-11,-0.009252417143077282,-0.022759763864334776,0
2024-11-12,-0.001056489409057131,-0.022759763864334776,0
2024-11-13,-0.00015109027745365943,-0.022759763864334776,0
2024-11-14,0.007805683211310703,-0.022759763864334776,0
2024-11-15,-0.015039420579183452,-0.022759763864334776,0
2024-11-18,0.0056458096774692984,-0.022759763864334776,0
2024-11-19,0.0036982020024744757,-0.022759763864334776,0
2024-11-20,-0.0018579279627419334,-0.022759763864334776,0
2024-11-21,-0.0023996804001519814,-0.022759763864334776,0
2024-11-22,0.005465671740736797,-0.022759763864334776,0
2024-11-25,0.014269417020887364,-0.022759763864334776,0
2024-11-26,0.009066956715753301,-0.022759763864334776,0
2024-11-27,-0.0017998895870628175,-0.022759763864334776,0
2024-11-29,0.007181006267512311,-0.022759763864334776,0
2024-12-02,0.009826700019108061,-0.022759763864334776,0
2024-12-03,0.0015115464304531335,-0.022759763864334776,0
2024-12-04,0.008830994041527597,-0.022759763864334776,0
2024-12-05,0.004653026916442565,-0.022759763864334776,0
2024-12-06,0.0009350098894055831,-0.022759763864334776,0
2024-12-09,0.004073753161047028,-0.022759763864334776,0
2024-12-10,-0.002213313151395942,-0.022759763864334776,0
2024-12-11,-0.0006641834043939893,-0.022759763864334776,0
2024-12-12,-0.0016690596784101406,-0.022759763864334776,0
2024-12-13,-0.004894913381041673,-0.022759763864334776,0
2024-12-16,0.0080873322080687,-0.022759763864334776,0
2024-12-17,0.006145981835952242,-0.022759763864334776,0
2024-12-18,-0.024174004842850524,-0.022759763864334776,1
2024-12-19,-0.003030219842133543,-0.024859864470496644,0
2024-12-20,0.00777822027112946,-0.024859864470496644,0
2024-12-23,-0.0030837169395265514,-0.024859864470496644,0
2024-12-24,0.008320871252678027,-0.024859864470496644,0
2024-12-26,-5.979863203058543e-05,-0.024859864470496644,0
2024-12-27,-0.01300530209463514,-0.024859864470496644,0
2024-12-30,-0.006225143163376766,-0.024859864470496644,0
2024-12-31,-0.006773204467746917,-0.024859864470496644,0
